food_code,food_name,unit_serving_energy_kcal,unit_serving_protein_g,unit_serving_fat_g,unit_serving_carb_g,unit_serving_fibre_g,Diet Type,Goal
ASC141,Fettuccine with spinach sauce,458.8518371582031,11.02172565460205,27.80078125,43.28779220581055,2.746061086654663,Veg,Maintenance
BFP196,Shahi keema kofta curry,2580.26806640625,25.552949905395508,270.44403076171875,10.689749717712402,5.591949939727783,Veg,Maintenance
OSR046,Peach blueberry preserves,685.578125,2.029749870300293,0.7777499556541443,176.87774658203125,4.411499977111816,Veg,Maintenance
ASC358,Bread pakora/pakoda,4653.41748046875,16.829299926757812,485.62298583984375,58.07109832763672,7.289000034332275,Veg,Maintenance
OSR133,Sweet corn soup,126.47539520263672,3.8842060565948486,6.40230131149292,13.981891632080078,1.2211956977844238,Veg,Maintenance
OSR018,Kiwi granola pudding,1472.376220703125,29.348949432373047,80.48384857177734,169.41725158691406,19.4384994506836,Veg,Maintenance
ASC038,Sweet open sandwich,144.1050262451172,2.9413998126983643,4.810800075531006,23.15379905700684,1.3904000520706177,Veg,Maintenance
OSR010,Saffron milk (Kesariya doodh),268.470458984375,8.325782775878906,12.004573822021484,33.219539642333984,0.3787700235843658,Veg,Maintenance
ASC348,Gulab Jamun with khoya,918.4591674804688,3.182166576385498,83.42566680908203,40.890750885009766,0.1150000020861625,Veg,Maintenance
ASC395,Custard tart,161.72650146484375,2.6689999103546143,7.688499927520752,20.545000076293945,0.6539999842643738,Veg,Maintenance
ASC011,Coco pine cooler,141.54014587402344,2.398940086364746,4.321919918060303,24.71183967590332,1.1118199825286863,Veg,Maintenance
BFP560,Spinach peanut burfi (Palak aur mungfali ki burfi),252.89401245117188,8.052499771118164,10.547500610351562,32.61750030517578,4.975000381469727,Veg,Maintenance
BFP030,Cauliflower canjee (Phoolgobhi ki canjee),12.316466331481934,0.6947500109672546,0.7550833225250244,0.6183333396911621,0.8823333382606506,Veg,Maintenance
OSR088,Cabbage raita (Pattagobhi raita),196.94900512695312,7.53193998336792,13.370880126953123,12.18118953704834,2.148705005645752,Veg,Maintenance
BFP569,Soya chikki,318.8329162597656,5.406499862670898,11.674250602722168,47.323001861572266,2.6710000038146973,Veg,Maintenance
BFP057,Cheese and mushroom omelette/omlet,263.2023620605469,12.404999732971191,22.80870056152344,2.1536998748779297,1.1920000314712524,Veg,Maintenance
ASC421,Orange cake,186.1799774169922,3.1757500171661377,8.441750526428223,25.13399887084961,0.4325000047683716,Veg,Maintenance
BFP566,Fermented bengal gram vada (Khameerikrit/Ufna hua channa dal ka vada),592.6372680664062,3.650750160217285,60.55099868774414,7.824250221252441,2.3897500038146973,Veg,Maintenance
BFP122,Pizza,436.3479309082031,20.360986709594727,25.93547439575196,29.55954933166504,5.073587417602539,Veg,Maintenance
ASC146,Masala dosa,345.0764465332031,6.893213272094727,16.43848419189453,41.02428436279297,5.289322376251221,Veg,Maintenance
ASC257,Hawain salad,682.643798828125,16.630325317382812,44.27953720092773,55.909549713134766,15.324699401855469,Veg,Maintenance
OSR059,Coconut pickle (Nariyal ka aachar),144.86276245117188,0.8465802073478699,14.481924057006836,3.2301065921783447,1.7781542539596558,Veg,Maintenance
OSR047,Pear preserves (Naashpati ka murabba),603.529296875,1.496828556060791,1.111371397972107,153.00474548339844,18.22719955444336,Veg,Maintenance
OSR092,Kale salad,95.3546371459961,2.605071783065796,8.224740982055664,2.686206340789795,0.7293750047683716,Veg,Maintenance
BFP407,Semolina ladoo with nuts (Suji/Rava ladoo with nuts),138.62879943847656,1.7070000171661377,7.985000133514404,15.067825317382812,1.3411250114440918,Veg,Maintenance
ASC116,Mushroom pulao,445.4426574707031,9.04069995880127,14.441349983215332,68.16180419921875,6.744649887084961,Veg,Maintenance
ASC204,Cabbage kofta curry (Pattagobhi kofta curry),4562.95263671875,6.957736968994141,494.9431762695313,20.497562408447266,6.434134006500244,Veg,Maintenance
BFP500,Chocolate butter icing,91.0999984741211,0.6221200227737427,4.8045196533203125,11.973199844360352,0.0,Veg,Maintenance
OSR028,Watercress sandwich,124.17220306396484,2.797374963760376,6.208875179290772,15.172499656677246,1.2228749990463257,Veg,Maintenance
ASC111,Potato stuffed poori (Aloo ki poori),925.8718872070312,1.8135000467300413,96.97279357910156,11.20580005645752,1.9550001621246336,Veg,Maintenance
ASC424,Chocolate chiffon cake,227.06072998046875,4.199031352996826,11.50860595703125,27.585092544555664,0.5134375095367432,Veg,Maintenance
ASC083,Cream of green peas soup,522.2297973632812,29.113401412963867,60.38190078735352,27.576499938964844,12.052900314331056,Veg,Maintenance
ASC367,Flattened rice cutlet (Chirwa cutlet/Chivda cutlet/Poha cutlet),2325.0146484375,5.81765604019165,244.8143768310547,24.499731063842773,2.838429450988769,Veg,Maintenance
ASC468,Sprouted moong daliya ,352.53985595703125,8.864100456237793,14.88290023803711,46.68120193481445,9.868499755859377,Veg,Maintenance
ASC423,Banana cake (Kele ka cake),258.2967834472656,3.82784366607666,15.460249900817873,26.52240562438965,0.7590937614440918,Veg,Maintenance
BFP369,Cold vanilla souffle,423.7122497558594,14.669599533081056,24.34760093688965,38.44199752807617,0.0,Veg,Maintenance
ASC003,Espreso coffee,81.69625091552734,2.7689998149871826,3.388999938964844,10.493499755859377,0.0,Veg,Maintenance
ASC462,Rice moong dal cheela (Chawal aur moong dal ka cheela),1163.4658203125,3.994999885559082,120.15324401855467,16.21875,1.725749969482422,Veg,Maintenance
BFP116,Beetroot poori (Chukandar ki poori),543.1355590820312,1.969000101089477,53.70822143554688,12.649110794067385,1.4390000104904177,Veg,Maintenance
BFP415,Masala onion pakora/pakoda (Pyaaz ke pakode),389.0276184082031,1.4423125982284546,40.62594985961914,4.570536136627197,1.0165852308273315,Veg,Maintenance
ASC109,Methi poori,923.0264892578124,1.8895000219345093,96.9853973388672,10.375699996948242,2.097400188446045,Veg,Maintenance
ASC278,Sweet raita (Meetha raita),190.54660034179688,6.21999979019165,3.41599988937378,34.428001403808594,1.9579999446868896,Veg,Maintenance
ASC361,Potato samosa (Aloo ka samosa),813.7577514648438,2.4125592708587646,83.4227066040039,12.974313735961914,1.6794413328170776,Veg,Maintenance
ASC036,Vegetable and mayonnaise sandwich,166.83128356933594,3.055519819259644,10.517109870910645,15.846564292907717,1.605870008468628,Veg,Maintenance
BFP011,Hot chocolate,171.46099853515625,6.5329999923706055,8.784000396728516,17.179500579833984,0.0,Veg,Maintenance
BFP522,Fruit flan,1215.941650390625,15.348700523376465,58.07794952392578,161.50399780273438,3.312000036239624,Veg,Maintenance
BFP353,Chocolate sauce,43.86666870117188,0.3183333277702331,1.7316666841506958,7.201666355133057,0.0,Veg,Maintenance
ASC449,Ice box cookies,51.8742790222168,0.7899222373962402,2.001116752624512,7.774999618530273,0.176888883113861,Veg,Maintenance
ASC386,Coconut chutney (Nariyal ki chutney),67.36534881591797,0.909453272819519,6.332900524139404,2.100340843200684,1.7060102224349976,Veg,Maintenance
ASC255,Pasta salad,410.7042846679688,8.96084976196289,30.026750564575195,27.392099380493164,2.0614500045776367,Veg,Maintenance
OSR148,Papdi,1231.376708984375,3.1775500774383545,125.2486343383789,22.394100189208984,0.9797500371932985,Veg,Maintenance
OSR061,Mango murabba candy,222.94293212890625,0.2037999927997589,0.0402666665613651,58.76102828979492,0.723800003528595,Veg,Maintenance
BFP204,Soya chunks korma (Nutrinugget korma),326.8592224121094,9.603806495666504,23.624210357666016,19.080202102661133,6.3914642333984375,Veg,Maintenance
ASC054,Murmura (Puffed rice),315.02178955078125,10.0649995803833,11.23799991607666,43.560001373291016,0.7680000066757202,Veg,Maintenance
ASC445,Peanut biscuit,71.29764556884766,1.502388834953308,3.628138780593872,8.306499481201172,0.441666692495346,Veg,Maintenance
ASC353,Cauliflower pakora/pakoda (Phoolgobhi ke pakode),4530.1728515625,13.329300880432127,484.7149963378906,30.47509956359864,8.517000198364258,Veg,Maintenance
ASC460,Spinach peanut namak paras (Palak moongfali namak paras),2339.84619140625,5.229762554168701,248.1929931640625,20.916025161743164,2.557499885559082,Veg,Maintenance
BFP144,Plain khitchdi (Plain khichri/khichdi),327.3550720214844,9.860249519348145,5.776400089263916,57.64030075073242,4.869699954986572,Veg,Maintenance
ASC356,Methi pakora/pakoda (Methi ke pakode),4525.583984375,13.081300735473633,484.6949768066406,29.719099044799805,7.509000301361084,Veg,Maintenance
ASC461,Gram flour and semolina chilla/cheela/savory pancake (Besan suji chilla/cheela),1142.13671875,3.124875068664551,120.45687103271484,11.486749649047852,2.095499992370605,Veg,Maintenance
ASC127,Tamarind rice (Chintapandu pulihora/Puliyodharai/Puli sadam/Huli anna),476.8552551269531,9.5274019241333,10.907444953918455,83.19354248046875,6.542069911956787,Veg,Maintenance
ASC430,Pineapple pastry ,189.99024963378903,5.52839994430542,7.185150146484375,26.499000549316406,0.6574999690055847,Veg,Maintenance
ASC119,Peanut pulao ,691.732177734375,19.02569961547852,34.046348571777344,75.80680084228516,10.379650115966797,Veg,Maintenance
BFP125,Cheese and tomato pancake,162.4922637939453,5.673133373260498,10.235417366027832,11.756900787353516,1.166200041770935,Veg,Maintenance
ASC066,Jam and fruit pancake,106.567626953125,2.4939324855804443,4.609537601470947,13.633562088012695,0.7949999570846558,Veg,Maintenance
ASC125,Sweet rice (Meethe chawal),749.1326904296875,7.289125442504883,15.877700805664062,148.12066650390625,3.9320881366729736,Veg,Maintenance
BFP366,Cold lemon souffle,411.9230041503906,14.292499542236328,23.71999931335449,37.88999938964844,0.0,Veg,Maintenance
ASC048,Semolina porridge (Suji/Rava daliya),280.4862976074219,10.425999641418455,11.347999572753906,34.43600082397461,1.944000005722046,Veg,Maintenance
ASC301,Baked custard,226.90049743652344,11.530599594116213,11.295599937438965,20.13599967956543,0.0,Veg,Maintenance
ASC281,Saunth/Sonth chutney with tamarind/imli,25.050067901611328,0.1792050004005432,0.0272199995815753,5.9385600090026855,0.1653250008821487,Veg,Maintenance
ASC007,Fruit Punch (with squashes),116.2970962524414,0.3637750148773193,0.0846699997782707,30.119091033935547,0.8458999991416931,Veg,Maintenance
ASC216,Methi chaman,4763.37939453125,15.43809986114502,509.8385009765625,27.830501556396484,5.267950057983398,Veg,Maintenance
ASC133,Macroni cheese pie,408.6529541015625,14.013099670410156,17.923200607299805,50.52259826660156,0.9558000564575196,Veg,Maintenance
ASC289,Carrot kheer (Gajar ki kheer),217.15562438964844,7.138275146484375,9.801727294921877,25.67477226257324,1.8687100410461424,Veg,Maintenance
ASC193,Pea curry (Matar ki sabzi),285.6256408691406,12.514013290405272,14.16830062866211,25.50428771972656,12.31086540222168,Veg,Maintenance
BFP007,Kashmiri tea (Kehwa),63.92770767211914,0.4470199942588806,1.299780011177063,13.43068027496338,0.4028200209140777,Veg,Maintenance
ASC263,Waldroff salad,349.4217224121094,3.633599996566773,24.77580070495605,27.162900924682617,4.598099708557129,Veg,Maintenance
ASC321,Kulfi,265.86968994140625,8.667101860046387,12.685937881469728,30.5307674407959,0.3324920237064361,Veg,Maintenance
BFP427,Poshtik cutlet,1195.624755859375,4.825301647186279,122.6841278076172,17.794008255004883,3.2401580810546875,Veg,Maintenance
OSR089,Pomegranate raita (Anaar ka raita),104.78971099853516,5.838799953460693,4.671225070953369,10.316699981689451,0.8654000163078308,Veg,Maintenance
ASC448,Masala biscuit,63.638816833496094,0.9799333214759828,3.354616641998291,7.30413293838501,0.3463000059127807,Veg,Maintenance
ASC344,Sesame ladoo (Til ke ladoo),109.16325378417967,2.9437501430511475,5.401249885559082,11.96250057220459,2.1237499713897705,Veg,Maintenance
ASC051,Cornflakes with milk,326.1679992675781,9.984000205993652,14.232000350952148,41.555999755859375,2.1600000858306885,Veg,Maintenance
BFP446,Walnut chutney (Akhrot ki chutney),45.91958618164063,1.1700860261917114,4.148146629333496,1.103967308998108,0.3774551153182983,Veg,Maintenance
ASC354,Mixed vegetable pakora/pakoda,4544.84765625,13.075300216674805,484.6730041503906,34.557098388671875,7.598999977111816,Veg,Maintenance
ASC084,Cream of spinach soup,465.117919921875,24.12172508239746,61.57588195800781,15.944491386413574,8.053511619567871,Veg,Maintenance
BFP396,Khoa coconut burfi,206.7556610107422,5.013999938964844,13.069000244140623,18.36565017700196,2.042750120162964,Veg,Maintenance
ASC299,Moong dal halwa,333.6771240234375,7.9657301902771,16.86427116394043,38.37139129638672,2.52564001083374,Veg,Maintenance
ASC425,Christmas cake,388.569580078125,5.722885608673096,17.591053009033203,50.31758117675781,1.5502315759658811,Veg,Maintenance
ASC337,Bottle gourd burfi (Ghiya/Lauki burfi),199.0330047607422,4.225250244140625,12.751500129699709,17.677499771118164,0.5299999713897705,Veg,Maintenance
BFP117,Peas poori (Matar ki poori),496.7926635742188,2.544600009918213,48.34600067138672,12.500799179077148,1.888000130653381,Veg,Maintenance
ASC029,Peanut and tomato sandwich (Moongfali aur tamatar ka sandwich),177.04185485839844,5.78879976272583,9.803600311279297,17.341049194335938,2.4479000568389893,Veg,Maintenance
OSR151,Jowar dosa,97.24771881103516,2.80942702293396,3.3951423168182373,13.39121913909912,1.837576985359192,Veg,Maintenance
ASC318,Charlotte rousse,476.3647155761719,10.005925178527832,12.095049858093262,86.22412109375,2.553499937057495,Veg,Maintenance
OSR114,Bhel puri ,3573.644775390625,24.65317916870117,335.7978210449219,115.417236328125,15.701273918151855,Veg,Maintenance
ASC134,Vegetable chowmein,388.5968627929688,9.187963485717772,19.04972648620605,46.26813888549805,5.582215785980225,Veg,Maintenance
ASC455,Ginger biscuit (Adarak ke biscuit),56.24358749389648,0.8049444556236267,2.4636387825012207,7.865694046020508,0.2003333419561386,Veg,Maintenance
BFP470,Cheese open sandwich,150.73745727539062,5.412000179290772,7.833499908447266,15.630499839782717,0.959500014781952,Veg,Maintenance
ASC126,Curd rice (Dahi bhaat/Dahi chawal/ Perugu annam/Daddojanam/Thayir saadam),423.1051635742188,12.436190605163574,9.33082103729248,71.18245697021484,4.612436294555664,Veg,Maintenance
BFP553,Banana groundnut paste/puree,213.18800354003903,4.2729997634887695,5.451000213623047,36.15499877929688,1.7009999752044678,Veg,Maintenance
ASC059,Scrambled egg (Ande ki bhurji),110.26,6.96,8.83,0.94,0.16,Veg + Egg,Maintenance
BFP299,Beetroot and egg salad (Chukandar aur ande ka salad),195.15,7.19,14.78,7.63,1.27,Veg + Egg,Maintenance
ASC380,Vegeterian scotch egg,2208.14,7.29,232.38,15.92,2.01,Veg + Egg,Maintenance
ASC238,Scotch egg,2298.01,14.17,244.17,6.57,1.17,Veg + Egg,Maintenance
ASC060,Baked egg ,211.8,11.42,12.24,15.1,0.99,Veg + Egg,Maintenance
BFP312,Mayonnaise without eggs,1234.79,8.22,134.5,15.42,0.17,Veg + Egg,Maintenance
ASC059,Scrambled egg (Ande ki bhurji),109.97,7.07,8.95,0.94,0.17,Veg + Egg,Maintenance
BFP496,Orange eggless cake,337.17,7.4,13.03,51.21,0.53,Veg + Egg,Maintenance
BFP201,Indian lamb and egg curry (Nargisi kofta),1317.86,14.57,141.15,8.09,2.3,Veg + Egg,Maintenance
BFP347,Vanilla ice cream with egg,376.79,7.56,30.88,21.95,0.0,Veg + Egg,Maintenance
ASC238,Scotch egg,2322.65,13.76,242.86,6.58,1.2,Veg + Egg,Maintenance
ASC238,Scotch egg,2427.53,13.67,241.28,6.8,1.22,Veg + Egg,Maintenance
BFP428,Egg cutlet (Anda cutlet),1198.35,5.15,121.08,11.79,1.17,Veg + Egg,Maintenance
BFP312,Mayonnaise without eggs,1330.27,8.35,129.65,16.13,0.17,Veg + Egg,Maintenance
ASC056,Boiled egg (Ubla anda),70.82,6.6,4.77,0.18,0.17,Veg + Egg,Maintenance
ASC060,Baked egg ,221.05,12.0,13.25,15.48,1.03,Veg + Egg,Maintenance
BFP428,Egg cutlet (Anda cutlet),1127.65,5.13,118.35,11.8,1.19,Veg + Egg,Maintenance
ASC037,Egg and tomato sandwich (Ande aur tamatar ka sandwich),128.06,4.42,5.97,14.9,1.02,Veg + Egg,Maintenance
BFP346,Vanilla ice cream without egg,377.66,4.37,29.84,22.93,0.0,Veg + Egg,Maintenance
BFP312,Mayonnaise without eggs,1219.73,8.17,126.16,15.08,0.17,Veg + Egg,Maintenance
ASC024,Egg sandwich (Ande ka sandwich),138.29,4.26,8.27,14.68,0.95,Veg + Egg,Maintenance
BFP428,Egg cutlet (Anda cutlet),1137.94,5.19,116.92,12.3,1.19,Veg + Egg,Maintenance
ASC256,Deviled egg,164.02,7.62,11.77,3.52,1.78,Veg + Egg,Maintenance
ASC058,Poached egg,69.05,6.75,4.75,0.21,0.17,Veg + Egg,Maintenance
ASC024,Egg sandwich (Ande ka sandwich),140.7,4.49,7.65,14.53,0.94,Veg + Egg,Maintenance
OSR070,Egg in a pepper,732.06,72.48,48.72,0.96,0.97,Veg + Egg,Maintenance
BFP312,Mayonnaise without eggs,1286.18,7.87,131.13,15.07,0.16,Veg + Egg,Maintenance
ASC020,Egg nog,281.72,14.95,15.56,24.9,0.06,Veg + Egg,Maintenance
ASC256,Deviled egg,156.55,8.24,12.51,3.62,1.86,Veg + Egg,Maintenance
BFP496,Orange eggless cake,365.06,7.02,13.14,53.88,0.54,Veg + Egg,Maintenance
BFP346,Vanilla ice cream without egg,348.68,4.33,29.1,22.96,0.0,Veg + Egg,Maintenance
ASC256,Deviled egg,158.85,7.9,12.19,3.64,1.76,Veg + Egg,Maintenance
BFP495,Chocolate eggless cake,345.17,7.44,15.72,51.44,0.38,Veg + Egg,Maintenance
BFP052,Indian style egg bhujia (Anda bhujia (Indian style)),124.98,7.89,8.69,4.54,1.85,Veg + Egg,Maintenance
OSR069,Baked eggs in tomato sauce,388.68,24.35,26.97,19.67,0.04,Veg + Egg,Maintenance
OSR069,Baked eggs in tomato sauce,417.93,25.21,26.05,19.31,0.04,Veg + Egg,Maintenance
ASC207,Vegetarian egg kofta curry,4704.97,9.42,513.94,31.16,4.57,Veg + Egg,Maintenance
OSR070,Egg in a pepper,781.8,75.85,48.11,0.99,0.97,Veg + Egg,Maintenance
OSR070,Egg in a pepper,747.47,75.33,48.51,0.95,1.02,Veg + Egg,Maintenance
ASC427,Eggless cake,192.62,5.12,7.52,29.13,0.42,Veg + Egg,Maintenance
ASC380,Vegeterian scotch egg,2316.44,7.24,239.92,15.61,1.95,Veg + Egg,Maintenance
ASC380,Vegeterian scotch egg,2264.15,7.39,244.76,16.19,1.92,Veg + Egg,Maintenance
BFP201,Indian lamb and egg curry (Nargisi kofta),1268.29,14.43,131.32,7.76,2.34,Veg + Egg,Maintenance
ASC256,Deviled egg,164.96,7.99,12.7,3.4,1.86,Veg + Egg,Maintenance
BFP347,Vanilla ice cream with egg,392.22,7.6,32.09,20.35,0.0,Veg + Egg,Maintenance
BFP299,Beetroot and egg salad (Chukandar aur ande ka salad),186.63,7.8,14.09,7.21,1.27,Veg + Egg,Maintenance
BFP495,Chocolate eggless cake,356.7,7.62,14.8,47.74,0.35,Veg + Egg,Maintenance
ASC037,Egg and tomato sandwich (Ande aur tamatar ka sandwich),134.25,4.57,6.29,14.93,1.1,Veg + Egg,Maintenance
ASC057,Fried Egg ,135.02,6.85,11.67,0.17,0.16,Veg + Egg,Maintenance
BFP201,Indian lamb and egg curry (Nargisi kofta),1287.64,15.1,134.54,7.97,2.39,Veg + Egg,Maintenance
ASC059,Scrambled egg (Ande ki bhurji),114.52,7.39,8.89,0.95,0.16,Veg + Egg,Maintenance
BFP312,Mayonnaise without eggs,1257.62,8.41,127.46,15.12,0.17,Veg + Egg,Maintenance
ASC062,Stuffed egg omelette/omlet,510.99,22.31,48.27,6.33,1.98,Veg + Egg,Maintenance
ASC059,Scrambled egg (Ande ki bhurji),114.1,7.32,8.14,0.96,0.17,Veg + Egg,Maintenance
BFP165,Home made egg noodles,533.71,14.31,9.72,99.23,3.68,Veg + Egg,Maintenance
ASC056,Boiled egg (Ubla anda),68.44,6.57,4.64,0.18,0.17,Veg + Egg,Maintenance
BFP495,Chocolate eggless cake,356.04,7.78,15.74,49.67,0.36,Veg + Egg,Maintenance
OSR070,Egg in a pepper,738.14,75.9,48.52,1.03,0.95,Veg + Egg,Maintenance
ASC357,Egg pakora/pakoda (Ande ke pakode),4759.94,17.47,503.5,29.47,5.42,Veg + Egg,Maintenance
BFP165,Home made egg noodles,515.52,14.45,10.32,99.08,3.56,Veg + Egg,Maintenance
BFP496,Orange eggless cake,351.86,7.3,13.91,51.91,0.55,Veg + Egg,Maintenance
ASC062,Stuffed egg omelette/omlet,559.29,22.95,48.53,6.16,1.95,Veg + Egg,Maintenance
BFP496,Orange eggless cake,362.73,7.4,13.4,50.0,0.55,Veg + Egg,Maintenance
BFP312,Mayonnaise without eggs,1267.2,7.98,128.99,14.71,0.17,Veg + Egg,Maintenance
ASC024,Egg sandwich (Ande ka sandwich),145.06,4.38,8.32,14.46,0.92,Veg + Egg,Maintenance
BFP299,Beetroot and egg salad (Chukandar aur ande ka salad),190.18,7.13,14.36,7.59,1.21,Veg + Egg,Maintenance
OSR070,Egg in a pepper,767.15,73.31,49.39,1.04,0.94,Veg + Egg,Maintenance
ASC380,Vegeterian scotch egg,2341.22,7.04,250.07,15.59,1.86,Veg + Egg,Maintenance
OSR070,Egg in a pepper,728.07,75.95,50.88,1.01,1.01,Veg + Egg,Maintenance
ASC059,Scrambled egg (Ande ki bhurji),112.28,6.88,8.97,0.98,0.16,Veg + Egg,Maintenance
ASC256,Deviled egg,157.98,7.97,12.11,3.43,1.75,Veg + Egg,Maintenance
ASC060,Baked egg ,219.65,12.25,12.41,16.17,1.02,Veg + Egg,Maintenance
ASC380,Vegeterian scotch egg,2232.64,7.49,252.59,15.6,1.96,Veg + Egg,Maintenance
ASC037,Egg and tomato sandwich (Ande aur tamatar ka sandwich),126.08,4.43,6.12,14.98,1.07,Veg + Egg,Maintenance
ASC357,Egg pakora/pakoda (Ande ke pakode),4661.92,18.1,468.91,27.75,5.48,Veg + Egg,Maintenance
BFP052,Indian style egg bhujia (Anda bhujia (Indian style)),132.98,7.41,8.96,4.67,1.89,Veg + Egg,Maintenance
ASC056,Boiled egg (Ubla anda),71.09,6.89,4.42,0.19,0.16,Veg + Egg,Maintenance
BFP165,Home made egg noodles,558.46,15.17,9.39,96.07,3.49,Veg + Egg,Maintenance
ASC060,Baked egg ,213.72,12.01,12.48,15.6,0.99,Veg + Egg,Maintenance
ASC056,Boiled egg (Ubla anda),68.72,6.8,4.71,0.18,0.17,Veg + Egg,Maintenance
ASC024,Egg sandwich (Ande ka sandwich),138.71,4.48,8.15,15.16,0.91,Veg + Egg,Maintenance
ASC058,Poached egg,68.47,6.59,4.72,0.2,0.17,Veg + Egg,Maintenance
BFP346,Vanilla ice cream without egg,363.53,4.24,27.71,22.79,0.0,Veg + Egg,Maintenance
ASC207,Vegetarian egg kofta curry,4427.26,9.74,487.82,32.07,4.82,Veg + Egg,Maintenance
ASC056,Boiled egg (Ubla anda),68.09,6.52,4.75,0.18,0.17,Veg + Egg,Maintenance
BFP346,Vanilla ice cream without egg,359.58,4.4,28.73,22.84,0.0,Veg + Egg,Maintenance
BFP165,Home made egg noodles,540.17,14.43,9.96,94.48,3.77,Veg + Egg,Maintenance
BFP496,Orange eggless cake,339.23,7.4,14.2,53.0,0.53,Veg + Egg,Maintenance
ASC256,Deviled egg,165.05,8.29,12.69,3.53,1.88,Veg + Egg,Maintenance
ASC024,Egg sandwich (Ande ka sandwich),138.82,4.4,8.4,14.28,0.99,Veg + Egg,Maintenance
ASC207,Vegetarian egg kofta curry,4697.9,9.46,503.53,31.44,4.86,Veg + Egg,Maintenance
ASC056,Boiled egg (Ubla anda),67.2,6.53,4.57,0.19,0.17,Veg + Egg,Maintenance
ASC357,Egg pakora/pakoda (Ande ke pakode),4540.45,18.73,468.69,30.0,5.48,Veg + Egg,Maintenance
ASC427,Eggless cake,202.53,5.01,7.33,27.76,0.42,Veg + Egg,Maintenance
ASC380,Vegeterian scotch egg,2196.67,7.09,254.38,14.89,1.86,Veg + Egg,Maintenance
ASC060,Baked egg ,223.74,11.51,12.14,16.29,1.06,Veg + Egg,Maintenance
ASC357,Egg pakora/pakoda (Ande ke pakode),4634.34,18.17,480.69,28.79,5.62,Veg + Egg,Maintenance
BFP347,Vanilla ice cream with egg,405.01,7.68,31.18,21.27,0.0,Veg + Egg,Maintenance
OSR070,Egg in a pepper,745.33,73.4,52.78,1.03,1.02,Veg + Egg,Maintenance
BFP495,Chocolate eggless cake,345.0,7.88,15.01,52.2,0.35,Veg + Egg,Maintenance
BFP234,Fish souffle,420.56,32.37,26.41,14.55,0.58,Non-Veg,Maintenance
BFP161,Lasagne with meat sauce,1127.12,48.96,63.45,94.11,8.21,Non-Veg,Maintenance
ASC247,Fried fish (Indian style) (Tali hui machli),2385.99,16.13,252.12,18.93,2.06,Non-Veg,Maintenance
BFP461,Chicken walnut sandwich (Chicken aur akhrot ke sandwich),198.71,7.97,11.48,14.55,1.06,Non-Veg,Maintenance
ASC234,Mutton do piaza,626.2,29.79,49.51,13.63,6.37,Non-Veg,Maintenance
ASC402,Minced meat pie,771.7,27.11,46.68,64.05,8.35,Non-Veg,Maintenance
BFP234,Fish souffle,420.9,31.04,25.22,15.34,0.58,Non-Veg,Maintenance
ASC362,Minced meat samosa (Keema ka samosa),819.18,5.95,87.64,8.51,0.51,Non-Veg,Maintenance
ASC415,Hot fish souffle,512.74,42.17,33.43,13.37,0.34,Non-Veg,Maintenance
ASC241,Tandoori chicken,2117.58,224.03,114.48,34.94,7.21,Non-Veg,Maintenance
ASC241,Tandoori chicken,2041.37,227.07,114.43,33.79,7.41,Non-Veg,Maintenance
BFP090,Chicken stew,366.5,20.62,27.41,13.42,5.3,Non-Veg,Maintenance
BFP222,Chicken korma,487.91,34.05,32.92,18.8,6.31,Non-Veg,Maintenance
BFP420,Chicken pakora/pakoda,387.88,3.95,40.76,3.15,0.64,Non-Veg,Maintenance
BFP090,Chicken stew,376.71,21.02,25.21,13.45,5.13,Non-Veg,Maintenance
ASC070,Chicken stock,108.61,13.46,5.89,1.36,0.38,Non-Veg,Maintenance
ASC411,Minced meat patties,361.33,8.49,26.5,20.67,1.02,Non-Veg,Maintenance
ASC043,Chicken sandwich (toasted),145.04,10.76,4.73,16.42,1.34,Non-Veg,Maintenance
BFP090,Chicken stew,394.08,20.93,27.3,12.83,5.49,Non-Veg,Maintenance
BFP473,Chicken and corn open sandwich,195.95,8.96,9.24,21.21,1.87,Non-Veg,Maintenance
BFP194,Mutton korma,426.1,26.18,30.31,8.83,2.96,Non-Veg,Maintenance
BFP231,Baked stuffed fish,718.17,99.49,34.1,13.15,2.31,Non-Veg,Maintenance
ASC043,Chicken sandwich (toasted),140.65,9.83,4.35,15.91,1.4,Non-Veg,Maintenance
ASC402,Minced meat pie,792.66,26.76,44.01,61.38,8.06,Non-Veg,Maintenance
BFP214,Shahi chicken masala,553.58,33.6,39.94,13.53,3.21,Non-Veg,Maintenance
ASC243,Chicken kebab,871.43,4.71,97.63,1.35,0.28,Non-Veg,Maintenance
ASC411,Minced meat patties,331.37,9.35,25.63,19.84,1.03,Non-Veg,Maintenance
BFP473,Chicken and corn open sandwich,207.63,8.98,9.69,20.71,1.87,Non-Veg,Maintenance
BFP141,Mutton pulao,889.72,41.95,71.39,77.16,11.15,Non-Veg,Maintenance
OSR067,Lemon chicken,478.33,60.48,29.04,1.53,0.45,Non-Veg,Maintenance
BFP157,Meat and macaroni casserole,617.08,35.73,39.47,63.94,4.95,Non-Veg,Maintenance
BFP430,Minced meat cutlet,1281.61,11.69,132.79,13.7,0.89,Non-Veg,Maintenance
BFP158,Spaghetti with meat balls and tomato sauce,872.36,32.67,61.46,60.52,5.98,Non-Veg,Maintenance
ASC248,Fried fish and Chips (English Style) (Tali hui machli aur chips),4508.63,24.56,499.97,19.54,2.03,Non-Veg,Maintenance
ASC247,Fried fish (Indian style) (Tali hui machli),2287.99,14.86,253.49,19.21,2.1,Non-Veg,Maintenance
OSR065,Chicken manchurian,607.51,44.04,54.51,27.46,1.78,Non-Veg,Maintenance
OSR095,Chicken and cheese souffle,357.19,16.96,30.24,6.75,0.52,Non-Veg,Maintenance
BFP473,Chicken and corn open sandwich,202.11,9.73,10.01,20.52,1.73,Non-Veg,Maintenance
ASC070,Chicken stock,113.42,13.96,5.96,1.41,0.41,Non-Veg,Maintenance
BFP226,Fish finger,2389.47,24.66,236.85,19.75,1.54,Non-Veg,Maintenance
OSR095,Chicken and cheese souffle,355.95,17.34,29.54,6.82,0.51,Non-Veg,Maintenance
ASC140,Chicken lasagne,978.35,55.67,51.33,69.17,0.56,Non-Veg,Maintenance
ASC402,Minced meat pie,799.45,26.14,44.62,63.62,7.83,Non-Veg,Maintenance
ASC236,Mutton chops,2326.94,13.45,257.36,5.35,0.6,Non-Veg,Maintenance
BFP234,Fish souffle,427.34,30.97,24.34,15.79,0.56,Non-Veg,Maintenance
ASC251,Fish tikka,40.53,5.88,1.41,1.34,0.43,Non-Veg,Maintenance
ASC087,Chicken sweet corn soup,70.94,35.67,30.96,4.02,1.13,Non-Veg,Maintenance
BFP141,Mutton pulao,868.3,43.07,74.06,71.85,10.95,Non-Veg,Maintenance
ASC245,Fried chicken with tomato sauce (Fried chicken tamatar ki chutney kay saath),150.9,14.5,9.19,3.18,1.35,Non-Veg,Maintenance
OSR086,Chicken salad,808.01,39.71,73.79,3.07,4.88,Non-Veg,Maintenance
ASC236,Mutton chops,2325.56,14.07,249.83,5.19,0.6,Non-Veg,Maintenance
BFP142,Chicken pulao,747.14,42.2,57.0,72.31,10.78,Non-Veg,Maintenance
ASC043,Chicken sandwich (toasted),146.36,9.86,4.71,15.42,1.41,Non-Veg,Maintenance
ASC369,Fish cutlet (Machli ka cutlet),2235.61,9.33,236.1,11.36,1.83,Non-Veg,Maintenance
BFP158,Spaghetti with meat balls and tomato sauce,888.62,30.64,61.69,60.64,6.47,Non-Veg,Maintenance
OSR065,Chicken manchurian,619.72,41.42,54.72,25.62,1.83,Non-Veg,Maintenance
ASC140,Chicken lasagne,1005.93,51.44,52.32,70.69,0.53,Non-Veg,Maintenance
BFP473,Chicken and corn open sandwich,202.6,9.34,10.01,21.68,1.79,Non-Veg,Maintenance
ASC234,Mutton do piaza,625.91,30.06,48.19,13.64,6.06,Non-Veg,Maintenance
OSR065,Chicken manchurian,644.99,44.51,54.56,25.97,1.81,Non-Veg,Maintenance
BFP221,Chicken sweet and sour,2439.46,37.12,277.52,14.65,3.25,Non-Veg,Maintenance
ASC245,Fried chicken with tomato sauce (Fried chicken tamatar ki chutney kay saath),152.28,14.12,9.51,3.06,1.41,Non-Veg,Maintenance
ASC249,Tomato fish,4562.95,24.17,502.36,31.94,7.06,Non-Veg,Maintenance
BFP222,Chicken korma,516.05,34.04,34.9,18.76,6.27,Non-Veg,Maintenance
OSR086,Chicken salad,865.28,36.2,75.35,3.23,4.98,Non-Veg,Maintenance
BFP420,Chicken pakora/pakoda,414.5,4.23,42.01,3.01,0.65,Non-Veg,Maintenance
ASC087,Chicken sweet corn soup,66.82,33.98,31.9,4.01,1.15,Non-Veg,Maintenance
ASC043,Chicken sandwich (toasted),136.29,9.96,4.47,16.59,1.34,Non-Veg,Maintenance
ASC135,Chicken chowmein,524.64,21.77,27.23,43.97,5.65,Non-Veg,Maintenance
BFP430,Minced meat cutlet,1206.5,12.07,130.11,12.55,0.91,Non-Veg,Maintenance
ASC087,Chicken sweet corn soup,66.37,33.98,31.82,3.91,1.13,Non-Veg,Maintenance
BFP161,Lasagne with meat sauce,1157.04,49.28,61.77,96.66,8.71,Non-Veg,Maintenance
ASC251,Fish tikka,41.25,5.55,1.47,1.4,0.42,Non-Veg,Maintenance
BFP142,Chicken pulao,713.02,41.39,55.4,78.17,10.5,Non-Veg,Maintenance
BFP473,Chicken and corn open sandwich,203.6,8.89,9.46,20.3,1.75,Non-Veg,Maintenance
BFP220,Ginger chicken,491.37,30.62,31.36,21.89,4.44,Non-Veg,Maintenance
ASC239,Shepherd's pie (with minced meat),274.93,13.96,16.9,15.78,1.92,Non-Veg,Maintenance
BFP222,Chicken korma,518.26,33.24,32.44,18.52,6.38,Non-Veg,Maintenance
ASC245,Fried chicken with tomato sauce (Fried chicken tamatar ki chutney kay saath),153.44,13.63,9.29,3.08,1.39,Non-Veg,Maintenance
BFP197,Minced meat ball curry,403.53,25.59,30.53,10.31,5.34,Non-Veg,Maintenance
OSR066,Handi chicken,393.01,29.56,30.18,3.32,1.5,Non-Veg,Maintenance
ASC247,Fried fish (Indian style) (Tali hui machli),2225.37,14.87,252.26,19.81,2.2,Non-Veg,Maintenance
ASC234,Mutton do piaza,604.07,30.26,49.43,13.61,6.2,Non-Veg,Maintenance
ASC245,Fried chicken with tomato sauce (Fried chicken tamatar ki chutney kay saath),160.17,14.77,9.59,3.11,1.37,Non-Veg,Maintenance
ASC415,Hot fish souffle,532.89,40.25,33.95,13.98,0.35,Non-Veg,Maintenance
BFP420,Chicken pakora/pakoda,392.01,4.26,40.92,2.98,0.69,Non-Veg,Maintenance
ASC402,Minced meat pie,804.86,26.34,47.25,67.08,8.06,Non-Veg,Maintenance
ASC248,Fried fish and Chips (English Style) (Tali hui machli aur chips),4542.6,22.4,471.23,19.65,2.0,Non-Veg,Maintenance
OSR029,Fish sandwich ,403.32,12.59,27.04,26.92,3.14,Non-Veg,Maintenance
ASC251,Fish tikka,41.27,5.9,1.41,1.36,0.43,Non-Veg,Maintenance
OSR065,Chicken manchurian,657.69,43.93,51.08,27.87,1.86,Non-Veg,Maintenance
BFP090,Chicken stew,384.65,22.0,26.22,13.5,5.33,Non-Veg,Maintenance
BFP142,Chicken pulao,757.28,39.82,59.45,74.77,11.35,Non-Veg,Maintenance
BFP141,Mutton pulao,842.57,41.9,69.03,71.1,10.86,Non-Veg,Maintenance
OSR029,Fish sandwich ,404.92,12.15,27.31,26.13,3.28,Non-Veg,Maintenance
BFP421,Fish pakora/pakoda,407.12,4.08,40.22,3.27,0.68,Non-Veg,Maintenance
BFP161,Lasagne with meat sauce,1091.45,51.16,61.89,99.61,8.45,Non-Veg,Maintenance
ASC247,Fried fish (Indian style) (Tali hui machli),2408.88,14.76,236.56,18.31,2.17,Non-Veg,Maintenance
OSR029,Fish sandwich ,384.61,12.71,28.08,27.47,3.05,Non-Veg,Maintenance
ASC028,Chicken sandwich,151.81,7.65,7.14,15.34,0.97,Non-Veg,Maintenance
BFP170,Sour lentils (Khatti dal),126.1786651611328,8.037069320678711,0.4502339959144592,21.90493965148925,4.433652877807617,Veg,Weight Loss
BFP172,Arhar with spinach (Arhar dal aur palak),213.0916442871093,8.271857261657715,11.112259864807127,19.220977783203125,5.222993850708008,Veg,Weight Loss
BFP258,Mooli bhujia,180.9623413085937,3.3471879959106445,14.386075973510742,9.413337707519531,4.6754913330078125,Veg,Weight Loss
BFP321,Spinach raita (Palak ka raita),107.1815185546875,8.021818161010742,3.775547981262207,10.278254508972168,2.825769186019897,Veg,Weight Loss
ASC158,Whole moth (Moth ki dal),188.2718505859375,6.8663763999938965,8.96490478515625,19.65300178527832,6.329187870025635,Veg,Weight Loss
BFP316,Carrot raita (Gajar ka raita),102.14546966552734,6.522137641906738,3.445375919342041,11.328938484191896,2.65959095954895,Veg,Weight Loss
BFP076,Mulligatawny soup,189.8490447998047,39.29660034179688,46.31449890136719,28.733200073242188,9.054200172424316,Veg,Weight Loss
BFP110,Methi parantha/paratha,135.3014678955078,3.895196199417114,3.962491989135742,20.23754501342773,4.641613483428955,Veg,Weight Loss
ASC106,Besan and spinach parantha/paratha (Besan aur palak ka parantha/paratha),178.1224822998047,4.5620293617248535,9.944491386413574,17.598379135131836,3.615113496780396,Veg,Weight Loss
ASC103,Pea parantha/paratha (Matar ka parantha/paratha),206.6826171875,6.062662601470947,9.534825325012209,23.311912536621094,6.07551383972168,Veg,Weight Loss
ASC112,Tandoori parantha/paratha,164.42266845703125,2.827666997909546,9.19200038909912,17.11199951171875,3.0293333530426025,Veg,Weight Loss
ASC100,Cauliflower parantha/paratha (Phoolgobhi ka parantha/paratha),181.3884429931641,3.795495986938477,9.641491889953612,19.188077926635746,4.7681803703308105,Veg,Weight Loss
ASC097,Plain parantha/paratha,166.3126678466797,2.818666696548462,9.398999214172363,17.11199951171875,3.0293333530426025,Veg,Weight Loss
ASC177,Brinjal bhartha (Baingan ka bhartha),212.1665954589844,4.495488166809082,14.598976135253906,14.328238487243652,10.66904067993164,Veg,Weight Loss
ASC189,Stuffed tomatoes (Bharwa tamatar),126.48592376708984,4.4469499588012695,8.211000442504883,8.387550354003906,2.978100061416626,Veg,Weight Loss
BFP040,Vermicelli upma (Semiya/Seviyan upma),158.4339141845703,3.3053364753723145,7.911974906921387,17.93101692199707,3.4112374782562256,Veg,Weight Loss
BFP282,Cauliflower basket,219.60646057128903,12.568849563598633,14.199925422668455,9.585075378417969,5.791049957275391,Veg,Weight Loss
OSR053,Fermented bamboo shoot pickle (Mesu pickle),81.52057647705078,2.1518750190734863,7.618249893188477,2.3605000972747803,3.049875020980835,Veg,Weight Loss
ASC297,Potato halwa (Aloo ka halwa),239.6895446777344,2.412126064300537,5.507465839385986,46.10981369018555,2.5946760177612305,Veg,Weight Loss
BFP257,Spinach and potato (Palak aloo),191.5741577148437,5.461925029754639,9.448450088500977,19.811599731445312,6.828625202178955,Veg,Weight Loss
BFP073,Spinach soup (Palak ka soup),163.876953125,52.97962188720703,71.7213363647461,15.214203834533691,9.948307037353516,Veg,Weight Loss
BFP549,Pulse mix,111.05533599853516,4.208666801452637,0.7250000238418579,21.32699966430664,2.998666763305664,Veg,Weight Loss
ASC161,Black channa curry/Bengal gram curry (Kale chane ki curry),168.69940185546875,6.794949054718018,7.926845073699951,16.926048278808594,9.580886840820312,Veg,Weight Loss
ASC467,Sweet split chickpea roti (Sweet channa dal roti/Puranpoli),195.66580200195312,5.078374862670898,4.231500148773193,33.44499969482422,4.355000019073486,Veg,Weight Loss
ASC213,Baked brinjal in tomato sauce,166.44253540039062,6.80546236038208,6.995124816894531,17.791799545288086,10.083937644958496,Veg,Weight Loss
ASC159,Whole urad (Urad ki dal),182.54302978515625,7.509575843811035,8.90340518951416,17.12700080871582,7.868788242340088,Veg,Weight Loss
ASC155,Mixed dal,184.4406890869141,7.46242618560791,9.24335479736328,17.253101348876953,4.813687801361084,Veg,Weight Loss
BFP604,Stuffed bittergourd (dry) (Bharwa karela),230.9026336669922,1.365299940109253,23.74740028381348,2.6410999298095703,3.1828999519348145,Veg,Weight Loss
OSR052,Garlic pickle (Lahasun ka achar),211.4414978027344,1.9027119874954224,20.38874244689941,4.986049652099609,2.6201705932617188,Veg,Weight Loss
ASC167,Sambar,249.32276916503903,8.618037223815918,11.274487495422363,27.18551254272461,9.05931282043457,Veg,Weight Loss
BFP307,Tomato aspic,107.1641845703125,14.623250007629396,0.5568000078201294,10.68595027923584,3.368849992752075,Veg,Weight Loss
BFP239,Potato curry (Aloo ki sabzi),180.51611328125,3.059387922286988,9.007475852966309,21.00348854064941,4.882191181182861,Veg,Weight Loss
BFP039,Semolina upma (Suji/Rava upma),157.143310546875,3.5073366165161133,7.961974620819092,17.33301544189453,3.445237398147583,Veg,Weight Loss
ASC151,Washed moong dal (Dhuli moong ki dal),138.50746154785156,7.417349815368652,4.656350135803223,16.362199783325195,3.243650197982788,Veg,Weight Loss
ASC181,Carrot and cabbage with coconut (Nariyal ke saath pattagobhi aur gajar),212.73504638671875,3.6311399936676025,17.202903747558594,9.96509838104248,9.021897315979004,Veg,Weight Loss
BFP074,Mixed vegetable soup,157.37283325195312,36.206302642822266,51.39430236816406,12.993399620056152,7.214450359344482,Veg,Weight Loss
ASC099,Radish parantha/paratha (Mooli ka parantha/paratha),183.57928466796875,3.29849624633789,9.530658721923828,20.5485782623291,4.32551383972168,Veg,Weight Loss
OSR037,Greenpea cookies,120.91791534423828,4.952016353607178,3.2186086177825928,17.501602172851562,4.03267240524292,Veg,Weight Loss
OSR001,Woodapple juice (Bel ka sharbat),120.07478332519533,2.2106666564941406,2.4553332328796387,22.8705997467041,3.618033409118652,Veg,Weight Loss
BFP573,Gram flour and semolina dhokla (Besan suji dhokla),196.5033569335937,8.413256645202637,7.009600639343262,25.60411834716797,4.530895709991455,Veg,Weight Loss
ASC156,Whole moong (Moong ki dal),183.8264617919922,7.700376033782959,8.778904914855957,17.865001678466797,6.905188083648682,Veg,Weight Loss
ASC265,Fruit salad (Phalon ka salaad),237.53482055664065,2.779249906539917,3.698499917984009,48.51974868774414,4.79325008392334,Veg,Weight Loss
OSR107,Quinoa khichdi/khichri,203.7144775390625,10.116538047790527,5.0636749267578125,28.105424880981445,8.200400352478027,Veg,Weight Loss
BFP571,Wheat flour and nuts ladoos (Atta nuts ladoos),142.06434631347656,3.429875135421753,6.957250118255615,16.064125061035156,2.647749900817871,Veg,Weight Loss
ASC085,Cream of mixed vegetable soup,216.15640258789065,24.80560111999512,32.79449844360352,17.8705997467041,7.767600059509277,Veg,Weight Loss
ASC162,Chickpeas curry (Safed channa curry),195.9877014160156,7.313949108123779,8.20584487915039,23.95804786682129,5.674887180328369,Veg,Weight Loss
BFP280,Dhansak (vegetarian),199.56509399414065,8.006712913513184,10.073627471923828,17.541791915893555,10.045758247375488,Veg,Weight Loss
BFP185,Kabuli channa curry,243.8697967529297,10.391075134277344,10.872507095336914,27.12614250183105,3.973661184310913,Veg,Weight Loss
BFP276,"Cauliflower, pea and potato bhujia (Phoolgobhi, matar aur aloo bhujia)",182.93377685546875,5.267075061798096,10.594706535339355,15.74499225616455,6.2396111488342285,Veg,Weight Loss
ASC104,Keema parantha/paratha,238.15760803222656,9.408495903015137,13.91399097442627,18.36191177368164,3.4421803951263428,Veg,Weight Loss
BFP301,Tossed green salad,108.73432159423828,2.908200025558472,7.055600166320801,8.31779956817627,2.891200065612793,Veg,Weight Loss
ASC098,Potato parantha/paratha (Aloo ka parantha/paratha),191.4344024658203,3.452496290206909,9.541991233825684,22.332578659057617,3.898180246353149,Veg,Weight Loss
ASC215,Spinach paneer (Palak paneer),229.5536499023437,11.919425010681152,14.074700355529783,13.089600563049316,5.63462495803833,Veg,Weight Loss
OSR145,Dal dhokli,231.4104766845703,9.95549774169922,8.31725788116455,28.768373489379883,6.266220569610596,Veg,Weight Loss
BFP306,Jellied sunshine fruit salad,121.4293212890625,14.540949821472168,2.107599973678589,10.454549789428713,4.467949867248535,Veg,Weight Loss
ASC260,Tossed salad,214.68951416015625,3.4937000274658203,14.385099411010742,16.884300231933594,7.325200080871582,Veg,Weight Loss
ASC470,Pearl millet ladoo (Bajra ladoo),151.83670043945312,4.566500186920166,3.828000068664551,24.21674919128418,2.8485000133514404,Veg,Weight Loss
BFP266,Peas brinjal bhartha (Matar baingan bhartha),221.2301025390625,5.367487907409668,15.835975646972656,13.13173770904541,9.5010404586792,Veg,Weight Loss
BFP289,Potato nests,213.7069549560547,10.925649642944336,9.123650550842283,21.154375076293945,4.758699893951416,Veg,Weight Loss
ASC153,Split bengal gram with bottle gourd (Channa dal with ghiya/lauki),204.2539520263672,7.778188228607178,10.045326232910156,19.79983711242676,7.586491107940674,Veg,Weight Loss
ASC034,Carrot apple sandwich (Gajar aur seb ka sandwich),208.2237701416016,5.151700019836426,8.873074531555176,28.246225357055664,3.555500030517578,Veg,Weight Loss
ASC180,Cauliflower with coconut (Nariyal ke saath phoolgobhi),197.5585479736328,3.9461400508880615,17.28790283203125,5.97009801864624,7.88189697265625,Veg,Weight Loss
OSR136,Millet soup,129.64413452148438,26.07772254943848,29.10393714904785,19.033071517944336,6.53617000579834,Veg,Weight Loss
ASC157,Whole masoor (Masoor ki dal),185.0453643798828,7.802376270294189,8.619905471801758,18.399002075195312,6.7911882400512695,Veg,Weight Loss
ASC173,Cabbage and peas (Pattagobhi aur matar),106.20539093017578,5.385387897491455,4.397229194641113,10.366362571716309,6.626047134399414,Veg,Weight Loss
BFP242,Curd with potatoes (Dahi aloo),227.19273376464844,5.92946195602417,10.319623947143556,27.102861404418945,4.501859188079834,Veg,Weight Loss
ASC154,Dry washed urad,178.5877685546875,9.80875015258789,5.007850170135498,22.428298950195312,5.810849666595459,Veg,Weight Loss
ASC152,Washed urad dal (Dhuli urad ki dal),181.51795959472656,7.432350158691406,8.820850372314453,17.28969955444336,4.524650096893311,Veg,Weight Loss
OSR104,Methi thepla,126.16130828857422,3.2728946208953857,5.811525344848633,15.066572189331056,2.755455493927002,Veg,Weight Loss
ASC172,Potato capsicum (Shimla mirch aloo),189.2359313964844,2.124988079071045,14.068404197692873,13.140812873840332,3.052097082138061,Veg,Weight Loss
OSR123,Semolina cake (Suji/Rava cake),220.74285888671875,3.882944345474243,14.856111526489258,18.48123359680176,3.1689999103546143,Veg,Weight Loss
BFP548,Cereal mix ,151.01214599609375,4.147500038146973,2.5195000171661377,27.29800033569336,2.540750026702881,Veg,Weight Loss
ASC183,Raw papaya with coconut (Papaya thoran),198.51454162597656,2.29613995552063,17.077903747558594,8.34009838104248,6.451897144317627,Veg,Weight Loss
OSR132,Pumpkin soup,127.51139068603516,1.4968582391738892,10.193049430847168,6.611066818237305,3.791658163070679,Veg,Weight Loss
BFP371,Stewed fruit (with pear),89.560546875,0.3015000224113464,0.3851000070571899,21.955699920654297,3.419950008392334,Veg,Weight Loss
BFP067,Consomme au vermicelli,187.7198028564453,95.4843978881836,81.38164520263672,8.155250549316406,5.053900241851807,Veg,Weight Loss
ASC163,Lobia curry,178.66571044921875,7.27194881439209,6.738844871520996,21.444047927856445,5.476886749267578,Veg,Weight Loss
BFP208,Spinach mushroom (Palak mushroom),140.53775024414062,5.725924968719482,8.72445011138916,8.71560001373291,6.704625129699707,Veg,Weight Loss
OSR137,Lemon coriander soup,52.52367401123047,1.102502942085266,3.042043447494507,5.014246940612793,3.290214776992798,Veg,Weight Loss
ASC262,Potato salad (Aloo ka salaad),212.1830596923828,3.297999858856201,10.376800537109377,26.405500411987305,3.117799997329712,Veg,Weight Loss
BFP147,Instant idli (with semolina),87.23462677001953,3.233075857162476,1.2724566459655762,15.310989379882812,2.5135481357574463,Veg,Weight Loss
BFP171,Urad special dehusked,184.8427276611328,8.359587669372559,5.773231029510498,23.592504501342773,6.659319877624512,Veg,Weight Loss
ASC197,Gravy for kofta,174.87840270996094,2.434575080871582,14.41189956665039,8.78219985961914,2.7254750728607178,Veg,Weight Loss
ASC088,Minestrone soup,98.16986083984376,21.4101505279541,25.51492500305176,8.548774719238281,4.424449920654297,Veg,Weight Loss
BFP259,Bathua bhujia,180.3648376464844,4.492187976837158,14.46107578277588,7.203337669372559,7.545490741729736,Veg,Weight Loss
BFP277,Vegetable jalfrezi,68.8783950805664,1.4130635261535645,4.400760173797607,5.457658767700195,2.987022638320923,Veg,Weight Loss
ASC185,Stuffed round gourd (Bharwa tinde),180.71798706054688,2.7393500804901123,14.26742458343506,9.981050491333008,5.222700119018555,Veg,Weight Loss
ASC165,Kidney bean curry (Rajmah curry),172.35610961914062,7.136949062347412,6.924844741821289,19.641048431396484,6.985887050628662,Veg,Weight Loss
BFP108,Onion-green chilli parantha/paratha (Pyaaz aur hari mirch ka parantha/paratha),146.22654724121094,3.3419368267059326,5.557128429412842,20.160053253173828,3.946575880050659,Veg,Weight Loss
BFP075,Cheese soup,182.97146606445312,55.1089973449707,75.94190216064453,8.31149959564209,7.986599922180176,Veg,Weight Loss
ASC164,Soyabean curry,195.802001953125,12.503949165344238,12.219844818115234,8.106049537658691,8.803887367248535,Veg,Weight Loss
BFP403,Pumpkin coconut burfi (Kaddu aur nariyal ki burfi),111.94029235839844,1.053375005722046,7.609250068664551,10.235699653625488,2.5768749713897705,Veg,Weight Loss
ASC093,Talaumein soup,131.48260498046875,37.355350494384766,47.18227005004883,15.394519805908203,7.157410144805908,Veg,Weight Loss
ASC179,Beans with coconut (Nariyal aur sem/phali; Beans thoran),196.841537475586,3.916139841079712,17.03790283203125,6.570097923278809,8.351897239685059,Veg,Weight Loss
BFP045,Vegetable poha,176.59866333007812,4.782182693481445,7.893948078155518,21.05360412597656,3.682842969894409,Veg,Weight Loss
OSR102,Khakhra,135.09913635253906,3.614325046539306,4.025943756103516,20.93711853027344,4.112662315368652,Veg,Weight Loss
BFP555,Lentils and semolina porridge (Dal suji porridge/daliya),234.5784912109375,6.523000240325928,2.123000144958496,46.38199996948242,2.88100004196167,Veg,Weight Loss
BFP152,Uttapam,174.1522979736328,4.20719051361084,6.143355846405029,24.68387985229492,2.990952253341675,Veg,Weight Loss
OSR078,Roasted cauliflower steak,84.47772216796875,2.1986751556396484,7.191599845886231,2.1739249229431152,3.7929000854492174,Veg,Weight Loss
OSR079,Sauteed radishes with green beans,91.10576629638672,2.330831289291382,6.383091449737549,5.830923557281494,3.3988163471221924,Veg,Weight Loss
ASC089,Egg drop soup,86.53,40.35,44.61,3.33,2.51,Veg + Egg,Weight Loss
BFP240,Egg curry (Anda curry),177.27,7.85,13.06,5.92,3.17,Veg + Egg,Weight Loss
ASC089,Egg drop soup,84.66,41.4,43.08,3.48,2.62,Veg + Egg,Weight Loss
ASC089,Egg drop soup,81.82,40.12,43.27,3.59,2.55,Veg + Egg,Weight Loss
ASC089,Egg drop soup,84.45,40.4,44.74,3.48,2.58,Veg + Egg,Weight Loss
BFP240,Egg curry (Anda curry),185.56,7.98,13.99,5.95,3.32,Veg + Egg,Weight Loss
ASC089,Egg drop soup,86.15,41.56,44.62,3.54,2.57,Veg + Egg,Weight Loss
ASC089,Egg drop soup,88.47,43.1,43.95,3.32,2.68,Veg + Egg,Weight Loss
ASC089,Egg drop soup,86.14,39.05,44.93,3.33,2.62,Veg + Egg,Weight Loss
BFP240,Egg curry (Anda curry),186.23,7.93,12.72,6.02,3.09,Veg + Egg,Weight Loss
ASC089,Egg drop soup,86.55,39.23,42.9,3.37,2.64,Veg + Egg,Weight Loss
ASC089,Egg drop soup,86.16,42.87,41.87,3.58,2.65,Veg + Egg,Weight Loss
ASC089,Egg drop soup,85.28,40.4,43.92,3.39,2.63,Veg + Egg,Weight Loss
ASC089,Egg drop soup,87.72,41.37,42.63,3.6,2.52,Veg + Egg,Weight Loss
BFP240,Egg curry (Anda curry),183.23,8.25,13.19,6.1,3.1,Veg + Egg,Weight Loss
ASC089,Egg drop soup,83.74,39.46,41.22,3.62,2.63,Veg + Egg,Weight Loss
BFP240,Egg curry (Anda curry),169.31,7.96,13.56,5.88,3.15,Veg + Egg,Weight Loss
BFP240,Egg curry (Anda curry),181.78,8.09,13.64,5.87,3.12,Veg + Egg,Weight Loss
BFP240,Egg curry (Anda curry),177.79,7.83,12.93,5.94,3.13,Veg + Egg,Weight Loss
ASC089,Egg drop soup,86.16,42.97,44.44,3.58,2.7,Veg + Egg,Weight Loss
BFP240,Egg curry (Anda curry),172.77,8.41,13.73,6.38,3.31,Veg + Egg,Weight Loss
ASC089,Egg drop soup,86.21,41.55,44.84,3.58,2.58,Veg + Egg,Weight Loss
BFP240,Egg curry (Anda curry),185.77,8.41,13.61,5.84,3.31,Veg + Egg,Weight Loss
BFP240,Egg curry (Anda curry),186.84,8.01,13.09,5.92,3.18,Veg + Egg,Weight Loss
BFP240,Egg curry (Anda curry),180.48,7.82,13.15,6.2,3.29,Veg + Egg,Weight Loss
BFP240,Egg curry (Anda curry),178.41,8.56,13.57,6.3,3.15,Veg + Egg,Weight Loss
BFP240,Egg curry (Anda curry),179.72,7.99,12.82,6.31,3.11,Veg + Egg,Weight Loss
BFP240,Egg curry (Anda curry),174.84,7.99,12.97,5.96,3.21,Veg + Egg,Weight Loss
BFP240,Egg curry (Anda curry),185.48,8.05,13.03,6.39,3.02,Veg + Egg,Weight Loss
BFP240,Egg curry (Anda curry),185.3,8.39,13.93,6.39,3.26,Veg + Egg,Weight Loss
ASC089,Egg drop soup,88.25,41.13,43.12,3.52,2.62,Veg + Egg,Weight Loss
ASC089,Egg drop soup,87.96,42.63,42.94,3.39,2.55,Veg + Egg,Weight Loss
BFP240,Egg curry (Anda curry),172.68,7.85,13.78,6.23,3.18,Veg + Egg,Weight Loss
BFP240,Egg curry (Anda curry),174.02,8.04,13.07,5.95,3.02,Veg + Egg,Weight Loss
BFP240,Egg curry (Anda curry),171.27,8.07,12.77,6.17,3.05,Veg + Egg,Weight Loss
ASC089,Egg drop soup,87.47,40.85,43.09,3.67,2.47,Veg + Egg,Weight Loss
BFP240,Egg curry (Anda curry),171.47,8.55,13.19,6.04,3.17,Veg + Egg,Weight Loss
ASC089,Egg drop soup,86.13,42.54,43.11,3.49,2.58,Veg + Egg,Weight Loss
ASC089,Egg drop soup,87.27,43.12,44.35,3.65,2.7,Veg + Egg,Weight Loss
ASC089,Egg drop soup,83.85,41.34,41.78,3.5,2.59,Veg + Egg,Weight Loss
ASC089,Egg drop soup,83.61,39.86,43.28,3.34,2.47,Veg + Egg,Weight Loss
ASC089,Egg drop soup,82.53,40.37,44.97,3.48,2.47,Veg + Egg,Weight Loss
BFP240,Egg curry (Anda curry),182.07,8.48,13.31,6.03,3.26,Veg + Egg,Weight Loss
BFP240,Egg curry (Anda curry),185.5,8.39,13.09,5.82,3.05,Veg + Egg,Weight Loss
BFP240,Egg curry (Anda curry),172.04,7.98,13.03,6.35,3.12,Veg + Egg,Weight Loss
BFP240,Egg curry (Anda curry),174.56,8.13,13.49,5.82,3.03,Veg + Egg,Weight Loss
BFP240,Egg curry (Anda curry),185.14,8.47,13.2,6.33,3.1,Veg + Egg,Weight Loss
ASC089,Egg drop soup,84.87,40.43,43.77,3.37,2.56,Veg + Egg,Weight Loss
BFP240,Egg curry (Anda curry),176.74,8.41,13.9,6.21,3.16,Veg + Egg,Weight Loss
BFP240,Egg curry (Anda curry),177.86,7.92,13.61,6.25,3.28,Veg + Egg,Weight Loss
ASC089,Egg drop soup,82.27,42.13,43.17,3.59,2.51,Veg + Egg,Weight Loss
BFP240,Egg curry (Anda curry),180.28,8.4,13.72,6.21,3.13,Veg + Egg,Weight Loss
ASC089,Egg drop soup,88.5,41.13,42.63,3.37,2.52,Veg + Egg,Weight Loss
BFP240,Egg curry (Anda curry),173.73,8.18,13.9,5.95,3.33,Veg + Egg,Weight Loss
ASC089,Egg drop soup,87.68,42.25,41.13,3.64,2.45,Veg + Egg,Weight Loss
BFP240,Egg curry (Anda curry),181.08,8.53,13.48,6.25,3.2,Veg + Egg,Weight Loss
BFP240,Egg curry (Anda curry),178.3,8.45,13.75,5.98,3.07,Veg + Egg,Weight Loss
ASC089,Egg drop soup,85.62,40.22,43.31,3.52,2.58,Veg + Egg,Weight Loss
ASC089,Egg drop soup,88.31,41.78,44.53,3.39,2.54,Veg + Egg,Weight Loss
ASC089,Egg drop soup,88.56,41.76,41.12,3.52,2.49,Veg + Egg,Weight Loss
ASC089,Egg drop soup,82.22,42.55,44.13,3.51,2.53,Veg + Egg,Weight Loss
ASC089,Egg drop soup,82.76,39.86,44.79,3.65,2.52,Veg + Egg,Weight Loss
ASC089,Egg drop soup,81.91,42.79,41.69,3.48,2.6,Veg + Egg,Weight Loss
ASC089,Egg drop soup,82.26,41.72,43.05,3.42,2.65,Veg + Egg,Weight Loss
ASC089,Egg drop soup,88.41,39.94,40.92,3.61,2.52,Veg + Egg,Weight Loss
BFP240,Egg curry (Anda curry),179.82,8.17,13.5,6.27,3.12,Veg + Egg,Weight Loss
BFP240,Egg curry (Anda curry),180.85,8.07,13.98,6.1,3.29,Veg + Egg,Weight Loss
ASC089,Egg drop soup,86.28,40.85,42.63,3.59,2.52,Veg + Egg,Weight Loss
BFP240,Egg curry (Anda curry),182.77,8.07,13.59,6.17,3.08,Veg + Egg,Weight Loss
BFP240,Egg curry (Anda curry),172.46,7.92,12.86,6.19,3.2,Veg + Egg,Weight Loss
BFP240,Egg curry (Anda curry),173.58,8.29,13.21,6.35,3.29,Veg + Egg,Weight Loss
BFP240,Egg curry (Anda curry),170.56,7.95,13.74,6.42,3.04,Veg + Egg,Weight Loss
ASC089,Egg drop soup,87.99,42.01,41.08,3.39,2.56,Veg + Egg,Weight Loss
BFP240,Egg curry (Anda curry),170.32,8.03,13.63,6.14,3.06,Veg + Egg,Weight Loss
ASC089,Egg drop soup,86.31,40.81,44.87,3.34,2.56,Veg + Egg,Weight Loss
BFP240,Egg curry (Anda curry),177.57,8.25,13.26,6.12,3.05,Veg + Egg,Weight Loss
BFP240,Egg curry (Anda curry),174.53,7.99,13.8,6.18,3.08,Veg + Egg,Weight Loss
BFP240,Egg curry (Anda curry),184.88,8.42,12.75,5.9,3.2,Veg + Egg,Weight Loss
ASC089,Egg drop soup,81.66,42.98,41.32,3.65,2.67,Veg + Egg,Weight Loss
BFP240,Egg curry (Anda curry),183.73,7.79,13.21,6.07,3.06,Veg + Egg,Weight Loss
ASC089,Egg drop soup,86.57,39.14,43.23,3.5,2.53,Veg + Egg,Weight Loss
BFP240,Egg curry (Anda curry),180.72,8.2,13.38,6.4,3.07,Veg + Egg,Weight Loss
ASC089,Egg drop soup,83.49,41.45,43.04,3.52,2.51,Veg + Egg,Weight Loss
BFP240,Egg curry (Anda curry),178.2,8.2,13.86,5.99,3.18,Veg + Egg,Weight Loss
ASC089,Egg drop soup,82.88,42.17,41.25,3.66,2.6,Veg + Egg,Weight Loss
ASC089,Egg drop soup,85.64,42.22,41.07,3.33,2.64,Veg + Egg,Weight Loss
BFP240,Egg curry (Anda curry),179.8,8.2,13.56,6.0,3.02,Veg + Egg,Weight Loss
ASC089,Egg drop soup,84.08,42.65,44.49,3.44,2.54,Veg + Egg,Weight Loss
BFP240,Egg curry (Anda curry),170.03,8.47,13.64,6.21,3.09,Veg + Egg,Weight Loss
BFP240,Egg curry (Anda curry),169.39,8.03,13.96,6.41,3.05,Veg + Egg,Weight Loss
BFP240,Egg curry (Anda curry),184.35,7.84,13.71,6.17,3.18,Veg + Egg,Weight Loss
BFP240,Egg curry (Anda curry),186.14,7.86,13.1,6.15,3.19,Veg + Egg,Weight Loss
BFP240,Egg curry (Anda curry),169.96,8.28,12.89,6.12,3.13,Veg + Egg,Weight Loss
BFP240,Egg curry (Anda curry),183.12,8.42,12.9,6.13,3.25,Veg + Egg,Weight Loss
BFP240,Egg curry (Anda curry),177.44,8.54,14.02,6.3,3.2,Veg + Egg,Weight Loss
BFP240,Egg curry (Anda curry),176.05,8.19,13.85,5.98,3.12,Veg + Egg,Weight Loss
BFP240,Egg curry (Anda curry),171.13,8.12,13.0,6.29,3.08,Veg + Egg,Weight Loss
BFP240,Egg curry (Anda curry),177.01,8.07,13.62,5.86,3.25,Veg + Egg,Weight Loss
BFP240,Egg curry (Anda curry),178.75,7.83,13.83,6.3,3.25,Veg + Egg,Weight Loss
ASC089,Egg drop soup,88.35,42.12,42.0,3.4,2.51,Veg + Egg,Weight Loss
ASC081,Chicken consomme (Clear chicken soup),110.33,26.45,27.71,2.71,3.51,Non-Veg,Weight Loss
BFP065,Meat consomme (with mutton),177.23,95.21,82.58,3.19,4.43,Non-Veg,Weight Loss
ASC081,Chicken consomme (Clear chicken soup),104.4,27.02,26.9,2.78,3.45,Non-Veg,Weight Loss
ASC081,Chicken consomme (Clear chicken soup),108.23,27.0,27.11,2.57,3.4,Non-Veg,Weight Loss
ASC081,Chicken consomme (Clear chicken soup),108.83,24.7,26.41,2.57,3.6,Non-Veg,Weight Loss
BFP065,Meat consomme (with mutton),183.74,91.05,80.92,3.04,4.49,Non-Veg,Weight Loss
ASC081,Chicken consomme (Clear chicken soup),112.2,26.45,25.89,2.72,3.4,Non-Veg,Weight Loss
ASC081,Chicken consomme (Clear chicken soup),112.95,25.15,28.32,2.55,3.62,Non-Veg,Weight Loss
ASC081,Chicken consomme (Clear chicken soup),107.73,26.04,27.29,2.56,3.71,Non-Veg,Weight Loss
BFP065,Meat consomme (with mutton),183.82,95.26,84.22,3.0,4.41,Non-Veg,Weight Loss
ASC081,Chicken consomme (Clear chicken soup),108.86,24.76,27.29,2.63,3.71,Non-Veg,Weight Loss
ASC081,Chicken consomme (Clear chicken soup),109.19,27.2,27.12,2.71,3.46,Non-Veg,Weight Loss
ASC081,Chicken consomme (Clear chicken soup),111.5,26.32,28.06,2.58,3.6,Non-Veg,Weight Loss
ASC081,Chicken consomme (Clear chicken soup),110.63,26.36,28.37,2.79,3.5,Non-Veg,Weight Loss
BFP065,Meat consomme (with mutton),189.95,88.9,87.56,3.17,4.35,Non-Veg,Weight Loss
ASC081,Chicken consomme (Clear chicken soup),104.68,26.23,27.36,2.71,3.42,Non-Veg,Weight Loss
BFP065,Meat consomme (with mutton),192.92,88.84,88.54,3.08,4.28,Non-Veg,Weight Loss
BFP065,Meat consomme (with mutton),187.7,92.08,85.48,3.13,4.59,Non-Veg,Weight Loss
BFP065,Meat consomme (with mutton),178.73,89.24,86.25,3.11,4.57,Non-Veg,Weight Loss
ASC081,Chicken consomme (Clear chicken soup),111.38,26.28,27.77,2.75,3.61,Non-Veg,Weight Loss
BFP065,Meat consomme (with mutton),185.62,90.56,87.4,3.12,4.49,Non-Veg,Weight Loss
ASC081,Chicken consomme (Clear chicken soup),103.51,24.74,28.27,2.59,3.47,Non-Veg,Weight Loss
BFP065,Meat consomme (with mutton),186.51,95.72,82.53,3.12,4.51,Non-Veg,Weight Loss
BFP065,Meat consomme (with mutton),183.56,93.76,86.99,3.24,4.3,Non-Veg,Weight Loss
BFP065,Meat consomme (with mutton),178.82,94.38,83.26,3.31,4.51,Non-Veg,Weight Loss
BFP065,Meat consomme (with mutton),178.73,88.41,81.86,3.22,4.4,Non-Veg,Weight Loss
BFP065,Meat consomme (with mutton),189.12,95.66,81.34,3.24,4.41,Non-Veg,Weight Loss
BFP065,Meat consomme (with mutton),177.65,96.71,87.78,3.09,4.34,Non-Veg,Weight Loss
BFP065,Meat consomme (with mutton),177.55,89.02,88.14,3.17,4.6,Non-Veg,Weight Loss
BFP065,Meat consomme (with mutton),190.35,90.05,85.01,3.22,4.49,Non-Veg,Weight Loss
ASC081,Chicken consomme (Clear chicken soup),111.91,24.89,28.24,2.55,3.64,Non-Veg,Weight Loss
ASC081,Chicken consomme (Clear chicken soup),105.79,25.93,27.19,2.64,3.48,Non-Veg,Weight Loss
BFP065,Meat consomme (with mutton),181.13,91.13,81.92,3.06,4.38,Non-Veg,Weight Loss
BFP065,Meat consomme (with mutton),182.0,94.16,81.14,3.29,4.29,Non-Veg,Weight Loss
BFP065,Meat consomme (with mutton),183.07,90.81,87.1,3.2,4.24,Non-Veg,Weight Loss
ASC081,Chicken consomme (Clear chicken soup),107.87,24.75,26.28,2.71,3.37,Non-Veg,Weight Loss
BFP065,Meat consomme (with mutton),190.01,95.56,88.55,3.24,4.22,Non-Veg,Weight Loss
ASC081,Chicken consomme (Clear chicken soup),105.72,26.84,26.72,2.55,3.56,Non-Veg,Weight Loss
ASC081,Chicken consomme (Clear chicken soup),110.06,26.49,26.81,2.75,3.4,Non-Veg,Weight Loss
ASC081,Chicken consomme (Clear chicken soup),108.36,26.18,28.18,2.75,3.55,Non-Veg,Weight Loss
ASC081,Chicken consomme (Clear chicken soup),110.47,25.55,25.84,2.62,3.47,Non-Veg,Weight Loss
ASC081,Chicken consomme (Clear chicken soup),103.38,24.79,25.85,2.81,3.45,Non-Veg,Weight Loss
BFP065,Meat consomme (with mutton),176.51,95.7,84.46,3.21,4.53,Non-Veg,Weight Loss
BFP065,Meat consomme (with mutton),192.04,87.75,80.68,3.17,4.23,Non-Veg,Weight Loss
BFP065,Meat consomme (with mutton),193.47,92.6,87.56,3.2,4.24,Non-Veg,Weight Loss
BFP065,Meat consomme (with mutton),179.94,93.06,80.93,3.24,4.29,Non-Veg,Weight Loss
BFP065,Meat consomme (with mutton),178.87,89.53,85.52,3.2,4.31,Non-Veg,Weight Loss
ASC081,Chicken consomme (Clear chicken soup),106.94,25.33,27.4,2.79,3.63,Non-Veg,Weight Loss
BFP065,Meat consomme (with mutton),183.54,90.19,88.81,3.28,4.26,Non-Veg,Weight Loss
BFP065,Meat consomme (with mutton),187.62,90.72,81.76,3.22,4.37,Non-Veg,Weight Loss
ASC081,Chicken consomme (Clear chicken soup),103.8,26.05,28.5,2.7,3.44,Non-Veg,Weight Loss
BFP065,Meat consomme (with mutton),186.55,89.3,86.79,3.08,4.32,Non-Veg,Weight Loss
ASC081,Chicken consomme (Clear chicken soup),104.62,25.49,26.49,2.67,3.59,Non-Veg,Weight Loss
BFP065,Meat consomme (with mutton),193.43,95.82,80.95,3.11,4.25,Non-Veg,Weight Loss
ASC081,Chicken consomme (Clear chicken soup),107.82,25.94,25.93,2.74,3.7,Non-Veg,Weight Loss
BFP065,Meat consomme (with mutton),181.98,94.96,86.92,3.06,4.49,Non-Veg,Weight Loss
BFP065,Meat consomme (with mutton),192.35,88.88,85.55,3.3,4.52,Non-Veg,Weight Loss
ASC081,Chicken consomme (Clear chicken soup),107.17,25.79,27.78,2.69,3.7,Non-Veg,Weight Loss
ASC081,Chicken consomme (Clear chicken soup),106.75,24.97,26.33,2.62,3.65,Non-Veg,Weight Loss
ASC081,Chicken consomme (Clear chicken soup),106.66,25.17,27.28,2.79,3.63,Non-Veg,Weight Loss
ASC081,Chicken consomme (Clear chicken soup),111.39,24.78,26.81,2.72,3.62,Non-Veg,Weight Loss
ASC081,Chicken consomme (Clear chicken soup),105.38,25.76,26.56,2.58,3.64,Non-Veg,Weight Loss
ASC081,Chicken consomme (Clear chicken soup),105.8,26.39,27.14,2.63,3.59,Non-Veg,Weight Loss
ASC081,Chicken consomme (Clear chicken soup),113.41,24.83,27.29,2.62,3.46,Non-Veg,Weight Loss
ASC081,Chicken consomme (Clear chicken soup),107.28,27.09,27.13,2.59,3.58,Non-Veg,Weight Loss
BFP065,Meat consomme (with mutton),189.73,94.48,82.47,3.03,4.22,Non-Veg,Weight Loss
BFP065,Meat consomme (with mutton),175.33,89.52,82.38,3.18,4.51,Non-Veg,Weight Loss
ASC081,Chicken consomme (Clear chicken soup),110.45,26.35,26.51,2.56,3.52,Non-Veg,Weight Loss
BFP065,Meat consomme (with mutton),190.51,90.37,88.84,3.03,4.21,Non-Veg,Weight Loss
BFP065,Meat consomme (with mutton),187.23,94.57,81.64,3.04,4.32,Non-Veg,Weight Loss
BFP065,Meat consomme (with mutton),189.21,93.23,80.88,3.02,4.32,Non-Veg,Weight Loss
BFP065,Meat consomme (with mutton),181.18,87.68,88.69,3.17,4.27,Non-Veg,Weight Loss
ASC081,Chicken consomme (Clear chicken soup),105.78,25.13,27.73,2.74,3.38,Non-Veg,Weight Loss
BFP065,Meat consomme (with mutton),175.9,90.05,83.72,3.27,4.24,Non-Veg,Weight Loss
ASC081,Chicken consomme (Clear chicken soup),107.76,26.85,28.38,2.81,3.42,Non-Veg,Weight Loss
BFP065,Meat consomme (with mutton),177.47,88.5,81.63,3.19,4.19,Non-Veg,Weight Loss
BFP065,Meat consomme (with mutton),188.72,88.07,84.29,3.28,4.47,Non-Veg,Weight Loss
BFP065,Meat consomme (with mutton),190.47,89.93,82.1,3.22,4.36,Non-Veg,Weight Loss
ASC081,Chicken consomme (Clear chicken soup),111.43,24.88,27.41,2.7,3.45,Non-Veg,Weight Loss
BFP065,Meat consomme (with mutton),180.32,93.84,80.57,3.09,4.57,Non-Veg,Weight Loss
ASC081,Chicken consomme (Clear chicken soup),110.17,24.73,25.88,2.7,3.42,Non-Veg,Weight Loss
BFP065,Meat consomme (with mutton),182.3,87.51,83.85,3.04,4.45,Non-Veg,Weight Loss
ASC081,Chicken consomme (Clear chicken soup),109.0,26.0,27.89,2.76,3.5,Non-Veg,Weight Loss
BFP065,Meat consomme (with mutton),188.51,87.66,87.7,3.03,4.36,Non-Veg,Weight Loss
ASC081,Chicken consomme (Clear chicken soup),112.24,26.26,26.05,2.64,3.43,Non-Veg,Weight Loss
ASC081,Chicken consomme (Clear chicken soup),112.07,25.86,28.47,2.7,3.64,Non-Veg,Weight Loss
BFP065,Meat consomme (with mutton),187.03,95.09,86.14,3.08,4.51,Non-Veg,Weight Loss
ASC081,Chicken consomme (Clear chicken soup),103.14,27.08,27.68,2.6,3.69,Non-Veg,Weight Loss
BFP065,Meat consomme (with mutton),182.44,90.73,84.18,3.17,4.5,Non-Veg,Weight Loss
BFP065,Meat consomme (with mutton),177.07,91.22,85.64,3.28,4.27,Non-Veg,Weight Loss
BFP065,Meat consomme (with mutton),176.51,93.97,82.77,3.22,4.44,Non-Veg,Weight Loss
BFP065,Meat consomme (with mutton),178.04,95.7,86.6,3.16,4.53,Non-Veg,Weight Loss
BFP065,Meat consomme (with mutton),191.89,90.31,88.89,3.1,4.42,Non-Veg,Weight Loss
BFP065,Meat consomme (with mutton),184.22,89.06,87.31,3.13,4.24,Non-Veg,Weight Loss
BFP065,Meat consomme (with mutton),183.93,91.2,87.01,3.1,4.58,Non-Veg,Weight Loss
BFP065,Meat consomme (with mutton),183.53,89.54,85.74,3.13,4.18,Non-Veg,Weight Loss
BFP065,Meat consomme (with mutton),179.95,91.07,81.56,3.09,4.47,Non-Veg,Weight Loss
BFP065,Meat consomme (with mutton),179.15,90.76,84.77,3.04,4.57,Non-Veg,Weight Loss
BFP065,Meat consomme (with mutton),184.6,91.79,85.88,3.26,4.37,Non-Veg,Weight Loss
ASC081,Chicken consomme (Clear chicken soup),106.21,25.28,26.36,2.66,3.59,Non-Veg,Weight Loss
ASC311,Vanilla souffle,392.4,17.08,23.25,33.37,0.0,Veg,Muscle Gain
BFP230,Prawn curry (with coconut) (Jhinga curry),322.19,23.28,20.65,8.72,4.57,Non-Veg,Muscle Gain
OSR134,Paneer soup,282.54,20.19,17.12,14.17,1.65,Veg,Muscle Gain
BFP059,Mixed stock,231.83,18.85,15.74,3.17,1.38,Veg,Muscle Gain
ASC327,Queen of pudding,440.88,18.71,17.9,50.63,0.87,Veg,Muscle Gain
ASC312,Chocolate souffle,397.58,18.14,25.9,31.3,0.0,Veg,Muscle Gain
OSR134,Paneer soup,304.33,19.77,17.11,15.36,1.77,Veg,Muscle Gain
BFP284,Stuffed bottle gourd (Stuffed ghiya/lauki),328.36,20.78,19.94,15.65,4.35,Veg,Muscle Gain
ASC311,Vanilla souffle,397.09,17.3,25.26,31.46,0.0,Veg,Muscle Gain
OSR030,Kidney bean sandwich with cottage cheese,440.03,23.21,17.2,43.95,8.95,Veg,Muscle Gain
BFP151,Masala dosa paneer fillings,478.27,21.3,16.68,61.06,6.13,Veg,Muscle Gain
OSR007,Apple oats chia seed smoothie,549.99,20.98,15.47,85.57,9.09,Veg,Muscle Gain
ASC327,Queen of pudding,423.27,17.68,18.3,55.15,0.85,Veg,Muscle Gain
ASC327,Queen of pudding,427.59,17.18,17.35,51.81,0.9,Veg,Muscle Gain
OSR024,Sweetened yogurt (Shrikhand),329.98,16.83,8.41,47.27,0.25,Veg,Muscle Gain
BFP284,Stuffed bottle gourd (Stuffed ghiya/lauki),344.93,20.23,19.87,15.5,4.03,Veg,Muscle Gain
ASC227,Roghan josh,318.7,22.94,22.28,11.57,4.75,Veg,Muscle Gain
ASC312,Chocolate souffle,421.2,16.74,24.31,31.49,0.0,Veg,Muscle Gain
OSR024,Sweetened yogurt (Shrikhand),323.36,15.92,8.7,48.11,0.24,Veg,Muscle Gain
ASC191,Pea paneer curry (Matar paneer),383.75,18.51,21.88,25.86,8.84,Veg,Muscle Gain
BFP606,Creamed spinach,355.71,19.79,24.37,17.1,5.24,Veg,Muscle Gain
BFP284,Stuffed bottle gourd (Stuffed ghiya/lauki),316.62,20.33,21.11,15.95,4.28,Veg,Muscle Gain
ASC136,Cheese noodle ring,523.96,23.88,23.82,54.53,5.08,Veg,Muscle Gain
OSR024,Sweetened yogurt (Shrikhand),338.08,15.43,8.47,50.37,0.25,Veg,Muscle Gain
ASC381,Paneer shaslik/tikka,404.39,21.7,19.82,33.51,5.57,Veg,Muscle Gain
OSR155,chaane ki dal,293.3,16.59,7.42,34.05,10.71,Veg,Muscle Gain
ASC310,Orange souffle,398.3,16.21,22.74,36.19,0.57,Veg,Muscle Gain
ASC136,Cheese noodle ring,523.56,24.97,23.9,55.4,5.14,Veg,Muscle Gain
OSR128,Ham and Bean soup,147.96,16.71,6.29,6.52,0.83,Veg,Muscle Gain
BFP284,Stuffed bottle gourd (Stuffed ghiya/lauki),342.86,20.14,20.44,15.94,4.24,Veg,Muscle Gain
ASC121,Green chickpeas pulao (Choliya pulao/Hare chane ka pulao),604.3,16.91,17.43,95.75,11.51,Veg,Muscle Gain
ASC381,Paneer shaslik/tikka,400.61,23.34,20.22,34.66,5.41,Veg,Muscle Gain
OSR030,Kidney bean sandwich with cottage cheese,403.19,23.45,16.57,44.75,8.52,Veg,Muscle Gain
BFP606,Creamed spinach,392.24,19.11,25.1,16.59,5.23,Veg,Muscle Gain
OSR134,Paneer soup,291.11,20.03,16.4,15.4,1.66,Veg,Muscle Gain
ASC381,Paneer shaslik/tikka,410.29,23.24,20.14,35.01,5.53,Veg,Muscle Gain
OSR027,Prawn sandwich,384.61,24.15,21.4,27.13,3.46,Non-Veg,Muscle Gain
BFP136,Peas pulao (Matar pulao),526.54,18.58,9.34,88.42,15.88,Veg,Muscle Gain
OSR055,Pickled mustard greens ,149.51,17.48,2.51,12.42,20.48,Veg,Muscle Gain
OSR055,Pickled mustard greens ,146.72,18.09,2.71,12.43,19.11,Veg,Muscle Gain
ASC314,Apple mousse,375.55,15.57,14.92,45.33,5.82,Veg,Muscle Gain
OSR128,Ham and Bean soup,142.59,15.9,6.2,6.17,0.81,Veg,Muscle Gain
OSR128,Ham and Bean soup,140.24,16.41,5.96,6.16,0.85,Veg,Muscle Gain
BFP091,Veg paneer stew,343.41,15.9,19.39,23.03,6.93,Veg,Muscle Gain
BFP059,Mixed stock,235.92,18.04,15.44,2.88,1.35,Veg,Muscle Gain
OSR155,chaane ki dal,288.83,15.37,7.63,34.87,10.43,Veg,Muscle Gain
OSR155,chaane ki dal,274.56,15.77,7.64,34.54,10.46,Veg,Muscle Gain
BFP059,Mixed stock,239.35,19.12,15.62,3.07,1.34,Veg,Muscle Gain
OSR155,chaane ki dal,266.67,16.68,7.72,35.43,10.61,Veg,Muscle Gain
BFP151,Masala dosa paneer fillings,490.91,19.47,17.1,60.07,6.17,Veg,Muscle Gain
ASC381,Paneer shaslik/tikka,401.66,22.77,18.99,35.51,5.47,Veg,Muscle Gain
OSR007,Apple oats chia seed smoothie,526.02,22.15,14.94,84.69,9.3,Veg,Muscle Gain
BFP230,Prawn curry (with coconut) (Jhinga curry),312.56,23.85,20.48,8.87,4.6,Non-Veg,Muscle Gain
OSR027,Prawn sandwich,371.02,23.56,20.15,27.78,3.45,Non-Veg,Muscle Gain
ASC191,Pea paneer curry (Matar paneer),358.25,17.55,21.3,24.82,9.34,Veg,Muscle Gain
ASC309,Lemon souffle,394.77,15.88,23.86,32.58,0.0,Veg,Muscle Gain
BFP151,Masala dosa paneer fillings,500.81,20.0,17.79,61.49,5.96,Veg,Muscle Gain
ASC311,Vanilla souffle,391.6,16.67,24.27,32.26,0.0,Veg,Muscle Gain
BFP284,Stuffed bottle gourd (Stuffed ghiya/lauki),329.86,20.67,19.82,15.64,4.17,Veg,Muscle Gain
ASC313,Pineapple souffle ,405.35,16.23,24.64,32.26,0.0,Veg,Muscle Gain
ASC311,Vanilla souffle,394.53,16.82,23.87,32.33,0.0,Veg,Muscle Gain
BFP137,Split bengal gram dal and vegetable pulao (Channa dal and vegetable pulao),530.68,15.16,10.12,86.33,14.2,Veg,Muscle Gain
ASC227,Roghan josh,323.95,22.45,20.51,11.73,5.14,Veg,Muscle Gain
OSR027,Prawn sandwich,374.8,23.58,22.0,28.43,3.49,Non-Veg,Muscle Gain
OSR128,Ham and Bean soup,149.26,15.79,6.3,6.22,0.78,Veg,Muscle Gain
BFP047,Paneer stuffed cheela/chilla,434.14,24.21,18.6,39.91,8.3,Veg,Muscle Gain
BFP137,Split bengal gram dal and vegetable pulao (Channa dal and vegetable pulao),517.89,15.74,10.61,88.49,13.75,Veg,Muscle Gain
OSR030,Kidney bean sandwich with cottage cheese,425.27,24.4,15.97,47.0,8.53,Veg,Muscle Gain
ASC313,Pineapple souffle ,398.22,17.03,24.84,31.9,0.0,Veg,Muscle Gain
OSR030,Kidney bean sandwich with cottage cheese,404.08,24.44,16.73,45.97,9.02,Veg,Muscle Gain
BFP284,Stuffed bottle gourd (Stuffed ghiya/lauki),327.89,20.28,19.69,16.01,4.02,Veg,Muscle Gain
ASC136,Cheese noodle ring,544.56,25.96,23.48,57.96,4.95,Veg,Muscle Gain
BFP230,Prawn curry (with coconut) (Jhinga curry),318.89,24.13,18.95,9.09,4.44,Non-Veg,Muscle Gain
OSR128,Ham and Bean soup,143.48,16.0,6.38,6.39,0.83,Veg,Muscle Gain
BFP059,Mixed stock,236.36,19.63,15.75,2.98,1.37,Veg,Muscle Gain
OSR128,Ham and Bean soup,141.44,16.21,6.34,6.15,0.82,Veg,Muscle Gain
ASC311,Vanilla souffle,402.14,16.88,24.82,33.05,0.0,Veg,Muscle Gain
ASC381,Paneer shaslik/tikka,411.35,23.0,18.98,36.57,5.68,Veg,Muscle Gain
OSR134,Paneer soup,284.78,20.3,16.5,14.27,1.72,Veg,Muscle Gain
ASC312,Chocolate souffle,422.32,17.61,24.35,32.42,0.0,Veg,Muscle Gain
BFP059,Mixed stock,220.65,19.21,15.53,3.04,1.29,Veg,Muscle Gain
ASC191,Pea paneer curry (Matar paneer),361.57,19.13,21.13,24.5,9.39,Veg,Muscle Gain
BFP047,Paneer stuffed cheela/chilla,449.72,23.65,19.7,42.01,8.54,Veg,Muscle Gain
BFP136,Peas pulao (Matar pulao),534.48,19.13,8.61,86.01,15.78,Veg,Muscle Gain
ASC227,Roghan josh,332.25,21.49,21.2,11.48,4.99,Veg,Muscle Gain
BFP137,Split bengal gram dal and vegetable pulao (Channa dal and vegetable pulao),506.14,15.68,9.75,84.54,13.91,Veg,Muscle Gain
ASC312,Chocolate souffle,405.94,17.19,24.74,33.68,0.0,Veg,Muscle Gain
ASC227,Roghan josh,319.41,22.0,21.12,11.3,4.75,Veg,Muscle Gain
ASC136,Cheese noodle ring,505.37,25.39,23.73,57.29,4.95,Veg,Muscle Gain
OSR155,chaane ki dal,286.92,16.06,7.72,35.39,10.43,Veg,Muscle Gain
ASC310,Orange souffle,421.76,16.71,23.13,34.02,0.56,Veg,Muscle Gain
BFP606,Creamed spinach,363.99,20.54,23.88,17.91,5.29,Veg,Muscle Gain
ASC314,Apple mousse,406.93,15.5,15.1,45.08,5.58,Veg,Muscle Gain
ASC227,Roghan josh,317.9,21.47,21.24,11.46,5.04,Veg,Muscle Gain
BFP606,Creamed spinach,380.43,19.95,24.22,17.54,5.3,Veg,Muscle Gain
OSR134,Paneer soup,300.92,20.4,17.72,14.75,1.75,Veg,Muscle Gain
BFP137,Split bengal gram dal and vegetable pulao (Channa dal and vegetable pulao),530.66,15.54,10.22,84.53,14.47,Veg,Muscle Gain
OSR030,Kidney bean sandwich with cottage cheese,415.73,24.09,17.18,44.56,8.36,Veg,Muscle Gain
ASC381,Paneer shaslik/tikka,430.62,23.05,20.64,35.99,5.3,Veg,Muscle Gain
ASC136,Cheese noodle ring,552.91,24.78,23.18,57.72,4.98,Veg,Muscle Gain
BFP132,Eggplant/Brinjal rice (Vangi bhat),547.25,14.85,10.25,94.93,13.34,Veg + Egg,Muscle Gain
OSR071,Spinach mushroom scrambled egg (Palak mushroom bhurji),176.6,15.89,13.99,0.69,0.44,Veg + Egg,Muscle Gain
BFP132,Eggplant/Brinjal rice (Vangi bhat),523.89,16.0,10.57,93.42,13.55,Veg + Egg,Muscle Gain
BFP132,Eggplant/Brinjal rice (Vangi bhat),553.82,14.84,10.37,95.55,12.75,Veg + Egg,Muscle Gain
BFP132,Eggplant/Brinjal rice (Vangi bhat),561.07,16.03,10.51,88.24,12.52,Veg + Egg,Muscle Gain
OSR071,Spinach mushroom scrambled egg (Palak mushroom bhurji),187.56,14.75,13.83,0.65,0.44,Veg + Egg,Muscle Gain
BFP132,Eggplant/Brinjal rice (Vangi bhat),560.08,15.04,10.73,90.47,13.12,Veg + Egg,Muscle Gain
BFP132,Eggplant/Brinjal rice (Vangi bhat),515.84,14.88,10.37,95.44,12.32,Veg + Egg,Muscle Gain
BFP132,Eggplant/Brinjal rice (Vangi bhat),539.93,14.82,11.08,94.36,12.51,Veg + Egg,Muscle Gain
OSR071,Spinach mushroom scrambled egg (Palak mushroom bhurji),185.44,14.76,13.27,0.66,0.46,Veg + Egg,Muscle Gain
BFP132,Eggplant/Brinjal rice (Vangi bhat),519.5,15.19,11.12,91.89,12.43,Veg + Egg,Muscle Gain
BFP132,Eggplant/Brinjal rice (Vangi bhat),514.07,16.08,10.94,91.51,13.04,Veg + Egg,Muscle Gain
BFP132,Eggplant/Brinjal rice (Vangi bhat),553.69,15.15,10.31,93.94,13.12,Veg + Egg,Muscle Gain
BFP132,Eggplant/Brinjal rice (Vangi bhat),537.16,15.7,10.87,88.38,12.47,Veg + Egg,Muscle Gain
OSR071,Spinach mushroom scrambled egg (Palak mushroom bhurji),192.86,15.09,13.23,0.67,0.48,Veg + Egg,Muscle Gain
BFP132,Eggplant/Brinjal rice (Vangi bhat),551.78,15.33,10.21,88.68,12.41,Veg + Egg,Muscle Gain
OSR071,Spinach mushroom scrambled egg (Palak mushroom bhurji),181.31,15.06,13.78,0.69,0.44,Veg + Egg,Muscle Gain
OSR071,Spinach mushroom scrambled egg (Palak mushroom bhurji),178.13,16.21,13.34,0.7,0.47,Veg + Egg,Muscle Gain
OSR071,Spinach mushroom scrambled egg (Palak mushroom bhurji),184.99,16.04,12.88,0.68,0.45,Veg + Egg,Muscle Gain
BFP132,Eggplant/Brinjal rice (Vangi bhat),511.59,15.14,10.31,95.15,12.36,Veg + Egg,Muscle Gain
OSR071,Spinach mushroom scrambled egg (Palak mushroom bhurji),187.39,15.59,13.85,0.71,0.47,Veg + Egg,Muscle Gain
BFP132,Eggplant/Brinjal rice (Vangi bhat),554.86,15.21,10.4,90.29,12.69,Veg + Egg,Muscle Gain
OSR071,Spinach mushroom scrambled egg (Palak mushroom bhurji),177.4,15.6,12.89,0.67,0.48,Veg + Egg,Muscle Gain
OSR071,Spinach mushroom scrambled egg (Palak mushroom bhurji),189.61,15.4,13.59,0.71,0.44,Veg + Egg,Muscle Gain
OSR071,Spinach mushroom scrambled egg (Palak mushroom bhurji),192.08,15.06,13.98,0.71,0.46,Veg + Egg,Muscle Gain
OSR071,Spinach mushroom scrambled egg (Palak mushroom bhurji),185.14,15.44,13.45,0.68,0.47,Veg + Egg,Muscle Gain
OSR071,Spinach mushroom scrambled egg (Palak mushroom bhurji),182.26,14.73,13.89,0.68,0.47,Veg + Egg,Muscle Gain
OSR071,Spinach mushroom scrambled egg (Palak mushroom bhurji),190.37,15.43,13.44,0.7,0.46,Veg + Egg,Muscle Gain
OSR071,Spinach mushroom scrambled egg (Palak mushroom bhurji),177.66,15.94,13.31,0.68,0.47,Veg + Egg,Muscle Gain
OSR071,Spinach mushroom scrambled egg (Palak mushroom bhurji),193.66,15.28,12.99,0.68,0.48,Veg + Egg,Muscle Gain
BFP132,Eggplant/Brinjal rice (Vangi bhat),558.29,15.83,10.76,96.53,12.74,Veg + Egg,Muscle Gain
BFP132,Eggplant/Brinjal rice (Vangi bhat),553.68,16.08,10.41,95.25,12.62,Veg + Egg,Muscle Gain
OSR071,Spinach mushroom scrambled egg (Palak mushroom bhurji),181.31,15.63,13.13,0.7,0.48,Veg + Egg,Muscle Gain
OSR071,Spinach mushroom scrambled egg (Palak mushroom bhurji),177.14,16.09,13.88,0.7,0.47,Veg + Egg,Muscle Gain
OSR071,Spinach mushroom scrambled egg (Palak mushroom bhurji),190.09,14.88,12.81,0.71,0.45,Veg + Egg,Muscle Gain
BFP132,Eggplant/Brinjal rice (Vangi bhat),558.9,14.74,11.01,90.43,13.07,Veg + Egg,Muscle Gain
OSR071,Spinach mushroom scrambled egg (Palak mushroom bhurji),183.33,14.72,13.4,0.7,0.44,Veg + Egg,Muscle Gain
BFP132,Eggplant/Brinjal rice (Vangi bhat),515.79,14.95,10.66,87.9,13.5,Veg + Egg,Muscle Gain
BFP132,Eggplant/Brinjal rice (Vangi bhat),518.65,15.86,10.8,91.3,12.75,Veg + Egg,Muscle Gain
BFP132,Eggplant/Brinjal rice (Vangi bhat),531.69,15.86,10.42,88.56,12.64,Veg + Egg,Muscle Gain
BFP132,Eggplant/Brinjal rice (Vangi bhat),514.95,14.84,10.2,95.87,13.2,Veg + Egg,Muscle Gain
BFP132,Eggplant/Brinjal rice (Vangi bhat),541.06,15.15,11.19,90.86,12.67,Veg + Egg,Muscle Gain
OSR071,Spinach mushroom scrambled egg (Palak mushroom bhurji),177.0,16.04,13.11,0.69,0.46,Veg + Egg,Muscle Gain
OSR071,Spinach mushroom scrambled egg (Palak mushroom bhurji),193.37,15.87,13.81,0.68,0.44,Veg + Egg,Muscle Gain
OSR071,Spinach mushroom scrambled egg (Palak mushroom bhurji),181.42,16.23,13.62,0.66,0.44,Veg + Egg,Muscle Gain
OSR071,Spinach mushroom scrambled egg (Palak mushroom bhurji),181.83,15.59,13.91,0.71,0.47,Veg + Egg,Muscle Gain
OSR071,Spinach mushroom scrambled egg (Palak mushroom bhurji),188.9,14.87,13.51,0.7,0.45,Veg + Egg,Muscle Gain
BFP132,Eggplant/Brinjal rice (Vangi bhat),538.79,14.7,10.88,92.02,13.55,Veg + Egg,Muscle Gain
OSR071,Spinach mushroom scrambled egg (Palak mushroom bhurji),181.67,16.23,13.0,0.69,0.44,Veg + Egg,Muscle Gain
OSR071,Spinach mushroom scrambled egg (Palak mushroom bhurji),188.36,15.67,13.7,0.71,0.45,Veg + Egg,Muscle Gain
BFP132,Eggplant/Brinjal rice (Vangi bhat),546.77,14.99,10.28,87.81,12.98,Veg + Egg,Muscle Gain
OSR071,Spinach mushroom scrambled egg (Palak mushroom bhurji),192.87,15.83,13.52,0.71,0.46,Veg + Egg,Muscle Gain
BFP132,Eggplant/Brinjal rice (Vangi bhat),555.03,14.98,10.86,95.56,12.43,Veg + Egg,Muscle Gain
OSR071,Spinach mushroom scrambled egg (Palak mushroom bhurji),179.07,15.82,13.68,0.66,0.44,Veg + Egg,Muscle Gain
BFP132,Eggplant/Brinjal rice (Vangi bhat),529.47,15.75,10.3,89.21,12.68,Veg + Egg,Muscle Gain
OSR071,Spinach mushroom scrambled egg (Palak mushroom bhurji),184.8,16.08,13.98,0.67,0.48,Veg + Egg,Muscle Gain
OSR071,Spinach mushroom scrambled egg (Palak mushroom bhurji),181.32,15.42,12.76,0.7,0.48,Veg + Egg,Muscle Gain
BFP132,Eggplant/Brinjal rice (Vangi bhat),535.14,14.86,10.86,88.36,12.49,Veg + Egg,Muscle Gain
BFP132,Eggplant/Brinjal rice (Vangi bhat),536.36,15.12,11.18,89.92,13.18,Veg + Egg,Muscle Gain
BFP132,Eggplant/Brinjal rice (Vangi bhat),548.16,15.81,10.39,96.1,13.43,Veg + Egg,Muscle Gain
BFP132,Eggplant/Brinjal rice (Vangi bhat),522.2,15.34,10.18,91.53,12.28,Veg + Egg,Muscle Gain
BFP132,Eggplant/Brinjal rice (Vangi bhat),534.32,15.83,10.5,88.15,13.35,Veg + Egg,Muscle Gain
BFP132,Eggplant/Brinjal rice (Vangi bhat),527.62,15.44,10.76,92.3,12.33,Veg + Egg,Muscle Gain
BFP132,Eggplant/Brinjal rice (Vangi bhat),545.3,15.6,10.76,94.4,12.79,Veg + Egg,Muscle Gain
BFP132,Eggplant/Brinjal rice (Vangi bhat),535.27,15.19,11.07,89.62,12.39,Veg + Egg,Muscle Gain
OSR071,Spinach mushroom scrambled egg (Palak mushroom bhurji),191.12,14.72,13.23,0.67,0.44,Veg + Egg,Muscle Gain
OSR071,Spinach mushroom scrambled egg (Palak mushroom bhurji),180.36,15.08,12.92,0.68,0.46,Veg + Egg,Muscle Gain
BFP132,Eggplant/Brinjal rice (Vangi bhat),534.01,15.38,10.99,88.11,13.45,Veg + Egg,Muscle Gain
OSR071,Spinach mushroom scrambled egg (Palak mushroom bhurji),178.17,15.48,12.93,0.7,0.48,Veg + Egg,Muscle Gain
OSR071,Spinach mushroom scrambled egg (Palak mushroom bhurji),187.98,15.49,13.02,0.65,0.46,Veg + Egg,Muscle Gain
OSR071,Spinach mushroom scrambled egg (Palak mushroom bhurji),188.1,15.81,14.01,0.71,0.46,Veg + Egg,Muscle Gain
OSR071,Spinach mushroom scrambled egg (Palak mushroom bhurji),176.82,15.95,13.05,0.7,0.44,Veg + Egg,Muscle Gain
BFP132,Eggplant/Brinjal rice (Vangi bhat),530.05,15.61,10.81,90.84,12.83,Veg + Egg,Muscle Gain
OSR071,Spinach mushroom scrambled egg (Palak mushroom bhurji),187.99,15.42,13.93,0.66,0.47,Veg + Egg,Muscle Gain
BFP132,Eggplant/Brinjal rice (Vangi bhat),521.82,14.94,11.07,92.2,12.62,Veg + Egg,Muscle Gain
OSR071,Spinach mushroom scrambled egg (Palak mushroom bhurji),184.99,15.21,13.75,0.67,0.46,Veg + Egg,Muscle Gain
OSR071,Spinach mushroom scrambled egg (Palak mushroom bhurji),190.12,14.83,13.58,0.69,0.45,Veg + Egg,Muscle Gain
OSR071,Spinach mushroom scrambled egg (Palak mushroom bhurji),179.46,15.04,13.41,0.7,0.46,Veg + Egg,Muscle Gain
BFP132,Eggplant/Brinjal rice (Vangi bhat),541.58,14.74,11.14,88.73,13.35,Veg + Egg,Muscle Gain
OSR071,Spinach mushroom scrambled egg (Palak mushroom bhurji),194.12,14.7,13.89,0.67,0.47,Veg + Egg,Muscle Gain
BFP132,Eggplant/Brinjal rice (Vangi bhat),513.17,14.83,10.45,92.55,12.7,Veg + Egg,Muscle Gain
OSR071,Spinach mushroom scrambled egg (Palak mushroom bhurji),188.37,15.99,13.5,0.7,0.44,Veg + Egg,Muscle Gain
BFP132,Eggplant/Brinjal rice (Vangi bhat),564.29,15.35,10.78,93.96,12.92,Veg + Egg,Muscle Gain
OSR071,Spinach mushroom scrambled egg (Palak mushroom bhurji),178.85,14.96,12.79,0.7,0.45,Veg + Egg,Muscle Gain
BFP132,Eggplant/Brinjal rice (Vangi bhat),534.72,14.62,10.2,94.48,13.18,Veg + Egg,Muscle Gain
BFP132,Eggplant/Brinjal rice (Vangi bhat),511.86,14.94,11.03,88.47,12.37,Veg + Egg,Muscle Gain
OSR071,Spinach mushroom scrambled egg (Palak mushroom bhurji),183.83,15.56,13.01,0.67,0.44,Veg + Egg,Muscle Gain
BFP132,Eggplant/Brinjal rice (Vangi bhat),540.99,15.78,11.0,92.74,12.75,Veg + Egg,Muscle Gain
OSR071,Spinach mushroom scrambled egg (Palak mushroom bhurji),183.83,15.45,13.96,0.66,0.46,Veg + Egg,Muscle Gain
OSR071,Spinach mushroom scrambled egg (Palak mushroom bhurji),179.59,15.49,13.55,0.68,0.45,Veg + Egg,Muscle Gain
OSR071,Spinach mushroom scrambled egg (Palak mushroom bhurji),179.9,14.79,12.98,0.66,0.45,Veg + Egg,Muscle Gain
OSR071,Spinach mushroom scrambled egg (Palak mushroom bhurji),181.41,15.86,12.8,0.67,0.46,Veg + Egg,Muscle Gain
OSR071,Spinach mushroom scrambled egg (Palak mushroom bhurji),189.01,15.89,12.76,0.69,0.46,Veg + Egg,Muscle Gain
OSR071,Spinach mushroom scrambled egg (Palak mushroom bhurji),180.65,15.32,13.23,0.68,0.46,Veg + Egg,Muscle Gain
OSR071,Spinach mushroom scrambled egg (Palak mushroom bhurji),177.54,14.78,12.88,0.69,0.47,Veg + Egg,Muscle Gain
OSR071,Spinach mushroom scrambled egg (Palak mushroom bhurji),182.55,15.81,13.13,0.67,0.48,Veg + Egg,Muscle Gain
OSR071,Spinach mushroom scrambled egg (Palak mushroom bhurji),179.87,15.62,13.39,0.66,0.45,Veg + Egg,Muscle Gain
OSR071,Spinach mushroom scrambled egg (Palak mushroom bhurji),188.54,15.93,13.18,0.66,0.47,Veg + Egg,Muscle Gain
OSR071,Spinach mushroom scrambled egg (Palak mushroom bhurji),192.18,14.88,13.19,0.7,0.46,Veg + Egg,Muscle Gain
BFP132,Eggplant/Brinjal rice (Vangi bhat),540.87,15.61,11.22,95.51,12.78,Veg + Egg,Muscle Gain
ASC242,Butter chicken,386.09,28.79,24.68,9.81,3.54,Non-Veg,Muscle Gain
BFP233,Crispy baked fish,407.7,30.01,18.22,26.25,3.55,Non-Veg,Muscle Gain
BFP217,Creamy chicken,334.2,30.02,20.07,6.89,1.47,Non-Veg,Muscle Gain
BFP060,Meat stock,205.93,18.27,16.21,0.0,0.0,Non-Veg,Muscle Gain
ASC246,Fish curry (Machli curry),292.75,21.77,16.87,9.61,4.56,Non-Veg,Muscle Gain
BFP305,Chicken and tomato towers,264.86,18.21,17.77,6.08,3.01,Non-Veg,Muscle Gain
ASC242,Butter chicken,373.16,30.89,23.03,10.01,3.71,Non-Veg,Muscle Gain
BFP232,Fish pie,369.68,28.71,17.08,23.01,2.35,Non-Veg,Muscle Gain
OSR064,Hariyali Fish Tikka,260.07,24.24,17.53,4.01,1.85,Non-Veg,Muscle Gain
BFP060,Meat stock,218.33,17.75,15.25,0.0,0.0,Non-Veg,Muscle Gain
BFP060,Meat stock,218.94,17.68,14.89,0.0,0.0,Non-Veg,Muscle Gain
OSR068,Lemon butter fish,310.25,31.59,20.34,1.49,0.73,Non-Veg,Muscle Gain
BFP305,Chicken and tomato towers,258.19,17.57,19.07,6.54,2.94,Non-Veg,Muscle Gain
ASC232,Mutton yakhni,237.29,19.91,17.34,1.95,1.49,Non-Veg,Muscle Gain
ASC246,Fish curry (Machli curry),281.66,22.47,16.28,9.15,4.7,Non-Veg,Muscle Gain
OSR068,Lemon butter fish,319.27,32.54,19.94,1.54,0.76,Non-Veg,Muscle Gain
ASC231,Kashmiri mutton koftas (Gushtaba),290.34,18.59,19.72,8.96,1.98,Non-Veg,Muscle Gain
OSR062,Afghani chicken,281.53,29.0,18.0,3.59,0.58,Non-Veg,Muscle Gain
BFP305,Chicken and tomato towers,275.77,17.98,18.78,6.5,3.1,Non-Veg,Muscle Gain
ASC228,Spinach mutton (Palak mutton),393.06,27.93,22.3,17.18,11.04,Non-Veg,Muscle Gain
OSR068,Lemon butter fish,317.94,33.67,20.91,1.48,0.73,Non-Veg,Muscle Gain
BFP127,Minced meat pancake (with chicken),158.02,15.74,14.59,11.04,0.94,Non-Veg,Muscle Gain
ASC240,Chicken curry,333.46,29.97,19.42,8.34,3.49,Non-Veg,Muscle Gain
ASC228,Spinach mutton (Palak mutton),402.83,28.15,21.75,15.97,10.53,Non-Veg,Muscle Gain
BFP305,Chicken and tomato towers,271.53,18.01,18.01,6.42,2.89,Non-Veg,Muscle Gain
ASC122,Mutton biryani/biriyani,409.57,15.19,15.66,47.38,5.04,Non-Veg,Muscle Gain
BFP127,Minced meat pancake (with chicken),160.77,15.57,14.21,11.31,0.92,Non-Veg,Muscle Gain
OSR062,Afghani chicken,287.71,28.35,17.16,3.59,0.57,Non-Veg,Muscle Gain
BFP127,Minced meat pancake (with chicken),161.85,16.05,13.65,10.75,0.96,Non-Veg,Muscle Gain
OSR073,Cajun chicken,297.95,22.02,23.47,3.36,1.47,Non-Veg,Muscle Gain
BFP223,Bengal fish curry (Bengali machli curry),344.23,22.15,22.68,13.81,5.86,Non-Veg,Muscle Gain
ASC252,Tandoori fish,229.21,27.16,11.03,5.35,1.37,Non-Veg,Muscle Gain
BFP218,Broccoli chicken ala king,283.28,18.24,17.71,12.0,4.58,Non-Veg,Muscle Gain
BFP217,Creamy chicken,324.02,30.06,19.85,6.8,1.51,Non-Veg,Muscle Gain
BFP217,Creamy chicken,335.72,28.83,20.84,6.62,1.51,Non-Veg,Muscle Gain
BFP232,Fish pie,367.85,29.46,17.63,24.47,2.29,Non-Veg,Muscle Gain
BFP127,Minced meat pancake (with chicken),158.68,16.52,14.05,10.6,0.98,Non-Veg,Muscle Gain
OSR064,Hariyali Fish Tikka,257.08,25.99,17.63,4.03,1.73,Non-Veg,Muscle Gain
BFP233,Crispy baked fish,391.19,32.54,18.61,26.2,3.41,Non-Veg,Muscle Gain
OSR073,Cajun chicken,322.78,21.09,23.76,3.33,1.5,Non-Veg,Muscle Gain
ASC231,Kashmiri mutton koftas (Gushtaba),281.42,19.31,21.25,9.13,1.86,Non-Veg,Muscle Gain
ASC233,Chicken yakhni,246.22,26.18,14.77,1.9,1.53,Non-Veg,Muscle Gain
BFP232,Fish pie,370.0,27.21,18.4,23.77,2.39,Non-Veg,Muscle Gain
ASC242,Butter chicken,389.65,29.48,23.86,10.46,3.63,Non-Veg,Muscle Gain
BFP305,Chicken and tomato towers,277.91,17.62,18.61,6.23,3.06,Non-Veg,Muscle Gain
ASC250,Baked fish with cheese sauce,387.29,31.76,24.1,14.55,0.28,Non-Veg,Muscle Gain
ASC242,Butter chicken,389.34,30.38,23.06,10.79,3.58,Non-Veg,Muscle Gain
BFP229,Fish in coconut milk (Nariyal ke doodh ke saath machli),277.44,27.98,14.83,9.23,5.06,Non-Veg,Muscle Gain
ASC232,Mutton yakhni,238.18,19.29,17.39,1.89,1.62,Non-Veg,Muscle Gain
OSR073,Cajun chicken,302.06,20.22,23.21,3.13,1.51,Non-Veg,Muscle Gain
BFP216,Tomato chicken,194.69,19.34,11.49,3.94,2.57,Non-Veg,Muscle Gain
BFP229,Fish in coconut milk (Nariyal ke doodh ke saath machli),283.74,26.91,14.05,9.07,4.88,Non-Veg,Muscle Gain
ASC250,Baked fish with cheese sauce,416.74,30.04,25.87,14.43,0.27,Non-Veg,Muscle Gain
BFP305,Chicken and tomato towers,261.38,17.91,19.2,6.55,2.88,Non-Veg,Muscle Gain
ASC228,Spinach mutton (Palak mutton),403.4,27.61,22.47,16.97,10.84,Non-Veg,Muscle Gain
BFP233,Crispy baked fish,378.0,30.7,18.31,26.57,3.34,Non-Veg,Muscle Gain
BFP217,Creamy chicken,318.31,29.47,20.16,6.61,1.51,Non-Veg,Muscle Gain
ASC242,Butter chicken,381.63,28.92,23.88,10.32,3.64,Non-Veg,Muscle Gain
BFP127,Minced meat pancake (with chicken),158.33,16.64,13.56,10.61,0.97,Non-Veg,Muscle Gain
ASC246,Fish curry (Machli curry),275.48,22.63,17.55,9.7,4.74,Non-Veg,Muscle Gain
BFP217,Creamy chicken,320.02,28.99,21.68,6.88,1.54,Non-Veg,Muscle Gain
ASC231,Kashmiri mutton koftas (Gushtaba),293.44,18.35,20.8,8.87,1.86,Non-Veg,Muscle Gain
BFP216,Tomato chicken,188.2,18.04,12.12,3.57,2.42,Non-Veg,Muscle Gain
BFP223,Bengal fish curry (Bengali machli curry),332.54,23.16,22.63,14.15,5.84,Non-Veg,Muscle Gain
ASC232,Mutton yakhni,237.46,19.84,17.46,2.0,1.57,Non-Veg,Muscle Gain
BFP229,Fish in coconut milk (Nariyal ke doodh ke saath machli),278.36,29.25,13.89,8.53,4.91,Non-Veg,Muscle Gain
ASC246,Fish curry (Machli curry),276.71,23.04,17.08,9.11,4.96,Non-Veg,Muscle Gain
ASC232,Mutton yakhni,250.97,19.94,17.54,1.87,1.55,Non-Veg,Muscle Gain
ASC228,Spinach mutton (Palak mutton),388.21,27.58,22.33,16.42,11.2,Non-Veg,Muscle Gain
ASC240,Chicken curry,306.21,29.65,19.1,8.07,3.37,Non-Veg,Muscle Gain
OSR062,Afghani chicken,285.41,30.3,17.51,3.62,0.58,Non-Veg,Muscle Gain
ASC252,Tandoori fish,234.87,26.66,11.04,5.5,1.35,Non-Veg,Muscle Gain
ASC232,Mutton yakhni,242.65,19.3,18.41,1.89,1.63,Non-Veg,Muscle Gain
OSR062,Afghani chicken,296.02,30.44,17.79,3.77,0.56,Non-Veg,Muscle Gain
BFP229,Fish in coconut milk (Nariyal ke doodh ke saath machli),285.73,28.88,13.74,9.04,4.74,Non-Veg,Muscle Gain
BFP127,Minced meat pancake (with chicken),151.12,16.0,13.68,10.69,0.98,Non-Veg,Muscle Gain
ASC228,Spinach mutton (Palak mutton),392.39,29.16,22.27,15.97,11.22,Non-Veg,Muscle Gain
ASC252,Tandoori fish,231.4,25.31,10.9,5.74,1.29,Non-Veg,Muscle Gain
ASC232,Mutton yakhni,245.93,18.92,18.76,1.88,1.58,Non-Veg,Muscle Gain
BFP216,Tomato chicken,197.42,19.39,11.73,3.6,2.56,Non-Veg,Muscle Gain
BFP218,Broccoli chicken ala king,290.3,19.44,17.97,12.59,4.54,Non-Veg,Muscle Gain
BFP217,Creamy chicken,332.89,28.17,21.47,6.78,1.44,Non-Veg,Muscle Gain
ASC246,Fish curry (Machli curry),292.47,23.28,17.06,9.37,4.82,Non-Veg,Muscle Gain
BFP216,Tomato chicken,199.96,19.46,11.32,3.67,2.6,Non-Veg,Muscle Gain
OSR064,Hariyali Fish Tikka,262.54,25.65,17.55,3.91,1.83,Non-Veg,Muscle Gain
OSR073,Cajun chicken,294.98,20.3,23.83,3.12,1.51,Non-Veg,Muscle Gain
ASC246,Fish curry (Machli curry),286.76,23.14,16.76,10.04,4.71,Non-Veg,Muscle Gain
BFP305,Chicken and tomato towers,253.26,18.11,19.27,6.0,3.15,Non-Veg,Muscle Gain
BFP218,Broccoli chicken ala king,293.38,19.0,18.07,12.37,4.43,Non-Veg,Muscle Gain
BFP212,Roast chicken,274.48,25.97,17.73,0.14,0.04,Non-Veg,Muscle Gain
BFP229,Fish in coconut milk (Nariyal ke doodh ke saath machli),276.67,26.85,14.38,8.81,4.72,Non-Veg,Muscle Gain
BFP217,Creamy chicken,325.93,28.47,19.89,6.55,1.53,Non-Veg,Muscle Gain
BFP305,Chicken and tomato towers,260.26,17.5,18.27,6.34,3.04,Non-Veg,Muscle Gain
OSR068,Lemon butter fish,310.48,31.57,21.35,1.52,0.73,Non-Veg,Muscle Gain
OSR073,Cajun chicken,317.02,21.55,22.27,3.16,1.46,Non-Veg,Muscle Gain
BFP212,Roast chicken,273.1,26.36,17.58,0.13,0.04,Non-Veg,Muscle Gain
ASC250,Baked fish with cheese sauce,402.9,31.4,25.87,14.51,0.26,Non-Veg,Muscle Gain
BFP217,Creamy chicken,334.04,29.79,21.06,6.46,1.46,Non-Veg,Muscle Gain
BFP212,Roast chicken,272.12,27.41,17.35,0.13,0.04,Non-Veg,Muscle Gain
ASC122,Mutton biryani/biriyani,413.3,15.67,16.27,46.67,5.24,Non-Veg,Muscle Gain
